,Año,Trimestre,Provincia,ADSL,Cablemodem,Fibra óptica,Wireless,Otros,Banda ancha fija,Dial up,Total_y,Accesos por cada 100 hab,Mbps (Media de bajada)
0,2022,4,Buenos Aires,325908.0,2767247.0,1499149.0,129910.0,72451.0,4788466,6199.0,4794665,26.72,111.0
1,2022,4,Capital Federal,138753.0,1238196.0,138548.0,4603.0,31826.0,1549781,2145.0,1551926,50.35,182.86
2,2022,4,Catamarca,8952.0,10998.0,47337.0,1379.0,2243.0,70908,1.0,70909,16.73,83.33
3,2022,4,Chaco,24582.0,61265.0,47285.0,7957.0,2574.0,143658,5.0,143663,11.66,104.02
4,2022,4,Chubut,45450.0,73923.0,9815.0,30721.0,8850.0,167855,904.0,168759,26.23,15.92
5,2022,4,Córdoba,152265.0,456947.0,367393.0,61631.0,11424.0,1049592,68.0,1049660,27.26,108.77
6,2022,4,Corrientes,34038.0,80283.0,26752.0,9082.0,5298.0,155449,4.0,155453,13.6,94.72
7,2022,4,Entre Ríos,55507.0,135746.0,40798.0,26414.0,12509.0,270952,22.0,270974,19.14,87.47
8,2022,4,Formosa,13735.0,17068.0,13118.0,17692.0,227.0,61840,0.0,61840,10.03,72.03
9,2022,4,Jujuy,17880.0,52390.0,42626.0,4067.0,1255.0,118218,0.0,118218,14.95,39.32
10,2022,4,La Pampa,7785.0,60566.0,24552.0,19995.0,1266.0,113993,171.0,114164,31.23,19.1
11,2022,4,La Rioja,6120.0,54387.0,19328.0,6395.0,32.0,86258,4.0,86262,21.26,61.0
12,2022,4,Mendoza,37655.0,77814.0,147080.0,27607.0,1948.0,291327,777.0,292104,14.33,38.76
13,2022,4,Misiones,33204.0,87202.0,46885.0,11075.0,7903.0,186269,0.0,186269,14.39,91.24
14,2022,4,Neuquén,28609.0,72679.0,31567.0,23815.0,3510.0,159712,468.0,160180,23.41,95.37
15,2022,4,Río Negro,34043.0,48401.0,43958.0,16277.0,19413.0,161544,548.0,162092,21.04,75.31
16,2022,4,Salta,36939.0,97023.0,53470.0,11884.0,6544.0,205855,5.0,205860,14.04,75.93
17,2022,4,San Juan,38570.0,22913.0,12491.0,21912.0,7940.0,103545,281.0,103826,12.96,16.39
18,2022,4,San Luis,6283.0,43460.0,3409.0,81557.0,511.0,135028,192.0,135220,25.83,30.67
19,2022,4,Santa Cruz,9702.0,23876.0,12217.0,3746.0,662.0,50005,198.0,50203,12.95,14.33
20,2022,4,Santa Fe,163621.0,412157.0,248558.0,44113.0,19242.0,887581,110.0,887691,24.65,90.3
21,2022,4,Santiago Del Estero,13577.0,80955.0,15117.0,6911.0,2934.0,119492,2.0,119494,11.92,34.4
22,2022,4,Tierra Del Fuego,12754.0,41293.0,405.0,157.0,651.0,54948,312.0,55260,30.07,13.48
23,2022,4,Tucumán,69441.0,20668.0,168717.0,4069.0,527.0,263392,30.0,263422,15.12,88.33
24,2022,3,Buenos Aires,339648.0,2748325.0,1436433.0,126846.0,70416.0,4715469,6199.0,4721668,26.37,70.19
25,2022,3,Capital Federal,140791.0,1240125.0,129218.0,5758.0,31787.0,1545534,2145.0,1547679,50.22,101.05
26,2022,3,Catamarca,10010.0,10495.0,46224.0,1329.0,2235.0,70292,1.0,70293,16.62,60.99
27,2022,3,Chaco,27164.0,61800.0,44645.0,8178.0,2359.0,144141,5.0,144146,11.72,53.21
28,2022,3,Chubut,45377.0,72212.0,9574.0,29784.0,8831.0,164874,904.0,165778,25.86,15.57
29,2022,3,Córdoba,163770.0,465461.0,338570.0,61070.0,9797.0,1038600,68.0,1038668,27.04,56.32
30,2022,3,Corrientes,36508.0,77140.0,18619.0,7256.0,5323.0,144842,4.0,144846,12.69,45.07
31,2022,3,Entre Ríos,60345.0,132952.0,36971.0,26098.0,12593.0,268937,22.0,268959,19.04,42.49
32,2022,3,Formosa,14470.0,25880.0,11041.0,16935.0,212.0,68537,1.0,68538,11.14,30.35
33,2022,3,Jujuy,19257.0,52978.0,40172.0,4033.0,2383.0,118823,0.0,118823,15.06,32.43
34,2022,3,La Pampa,7796.0,60078.0,23551.0,20216.0,4451.0,115921,171.0,116092,31.82,18.1
35,2022,3,La Rioja,6842.0,53899.0,19697.0,6395.0,31.0,86860,4.0,86864,21.47,44.3
36,2022,3,Mendoza,37659.0,78858.0,142615.0,27625.0,2766.0,288746,777.0,289523,14.24,34.16
37,2022,3,Misiones,35513.0,88902.0,39046.0,11074.0,7622.0,182157,0.0,182157,14.11,49.3
38,2022,3,Neuquén,29352.0,75815.0,29396.0,27482.0,1116.0,162693,468.0,163161,23.92,47.81
39,2022,3,Río Negro,35552.0,48260.0,41017.0,16760.0,18969.0,160010,548.0,160558,20.91,34.13
40,2022,3,Salta,40006.0,96984.0,50254.0,10082.0,7215.0,204536,5.0,204541,13.99,41.33
41,2022,3,San Juan,38570.0,22723.0,12328.0,21860.0,7918.0,103118,281.0,103399,12.94,15.84
42,2022,3,San Luis,6860.0,29363.0,248.0,70614.0,14985.0,121888,182.0,122070,23.39,19.33
43,2022,3,Santa Cruz,10170.0,24047.0,10815.0,3896.0,582.0,49312,198.0,49510,12.85,12.6
44,2022,3,Santa Fe,183740.0,426255.0,215189.0,43079.0,19547.0,887700,110.0,887810,24.7,45.15
45,2022,3,Santiago Del Estero,15385.0,80937.0,13170.0,6618.0,2922.0,119030,2.0,119032,11.91,17.69
46,2022,3,Tierra Del Fuego,12754.0,39963.0,403.0,125.0,651.0,53584,312.0,53896,29.5,11.01
47,2022,3,Tucumán,77738.0,18518.0,162345.0,3997.0,519.0,263087,30.0,263117,15.14,53.36
48,2022,2,Buenos Aires,350652.0,2719613.0,1399043.0,126847.0,71028.0,4660984,6199.0,4667183,26.12927127832741,65.5
49,2022,2,Capital Federal,145491.0,1232226.0,121506.0,5757.0,31791.0,1534626,2145.0,1536771,49.87356125626109,93.97
50,2022,2,Catamarca,11928.0,9430.0,42087.0,1329.0,2234.0,67007,1.0,67008,15.871790195247083,56.56
51,2022,2,Chaco,29552.0,61284.0,42194.0,8178.0,2356.0,143559,5.0,143564,11.70254390369554,50.61
52,2022,2,Chubut,45377.0,69242.0,9574.0,29784.0,8828.0,161901,904.0,162805,25.499919336270644,14.91
53,2022,2,Córdoba,179181.0,467595.0,308895.0,61107.0,9657.0,1026367,68.0,1026435,26.781590841133493,53.51
54,2022,2,Corrientes,38468.0,75769.0,18181.0,7256.0,5323.0,144993,4.0,144997,12.732146965383649,43.31
55,2022,2,Entre Ríos,63794.0,131029.0,35839.0,26098.0,12592.0,269330,22.0,269352,19.10468595065942,40.03
56,2022,2,Formosa,15397.0,25487.0,9875.0,16910.0,212.0,67881,0.0,67881,11.049814591140091,28.47
57,2022,2,Jujuy,20303.0,54495.0,34184.0,3955.0,2377.0,115314,0.0,115314,14.656913524540675,29.39
58,2022,2,La Pampa,7796.0,59273.0,22994.0,20200.0,1264.0,111356,171.0,111527,30.632721559665782,16.07
59,2022,2,La Rioja,7759.0,52656.0,19189.0,6395.0,31.0,86026,4.0,86030,21.331409216914373,43.28
60,2022,2,Mendoza,37663.0,77504.0,135504.0,26964.0,1927.0,278785,777.0,279562,13.782233784570575,29.72
61,2022,2,Misiones,37208.0,89260.0,33649.0,11074.0,7622.0,178813,0.0,178813,13.89002818196789,46.23
62,2022,2,Neuquén,29749.0,74905.0,28824.0,27371.0,1119.0,161500,468.0,161968,23.81745752817118,46.53
63,2022,2,Río Negro,36050.0,47040.0,40946.0,16760.0,18968.0,159216,548.0,159764,20.867543527383397,33.26
64,2022,2,Salta,42665.0,96178.0,47076.0,10068.0,7190.0,203172,5.0,203177,13.936010557448652,38.77
65,2022,2,San Juan,38570.0,19734.0,12328.0,21859.0,7916.0,100126,281.0,100407,12.597912455631214,14.44
66,2022,2,San Luis,6860.0,29034.0,248.0,70614.0,14985.0,121559,182.0,121741,23.396972678771853,19.32
67,2022,2,Santa Cruz,10170.0,23725.0,10815.0,3896.0,579.0,48987,198.0,49185,12.83962283852644,11.81
68,2022,2,Santa Fe,198492.0,428233.0,189503.0,43081.0,19550.0,878749,110.0,878859,24.495906799164608,42.01
69,2022,2,Santiago Del Estero,16561.0,80338.0,11605.0,6618.0,2922.0,118042,2.0,118044,11.836737968128928,16.34
70,2022,2,Tierra Del Fuego,12754.0,39837.0,403.0,125.0,651.0,53458,312.0,53770,29.60495526496903,10.97
71,2022,2,Tucumán,85893.0,15327.0,148823.0,3997.0,487.0,254497,30.0,254527,14.6914572899128,50.09
72,2022,1,Buenos Aires,392045.0,2728865.0,1242121.0,125521.0,66872.0,4549131,6293.0,4555424,25.563030152028357,62.51
73,2022,1,Capital Federal,102290.0,1217225.0,62308.0,5784.0,29934.0,1415378,2163.0,1417541,46.01434762144353,88.22
74,2022,1,Catamarca,14181.0,15517.0,29118.0,1328.0,2234.0,62377,1.0,62378,14.805619574995312,51.22
75,2022,1,Chaco,32391.0,64546.0,36662.0,8164.0,2356.0,144114,5.0,144119,11.775342040436144,45.84
76,2022,1,Chubut,44133.0,66667.0,9184.0,30592.0,21052.0,170701,927.0,171628,26.9887596631044,13.4
77,2022,1,Córdoba,195610.0,501799.0,235838.0,60843.0,9713.0,1003729,74.0,1003803,26.255262218351167,49.89
78,2022,1,Corrientes,40462.0,79093.0,10875.0,6774.0,5374.0,142574,4.0,142578,12.545281287312791,38.11
79,2022,1,Entre Ríos,67159.0,138986.0,23091.0,26098.0,12592.0,267904,22.0,267926,19.04540527092108,35.59
80,2022,1,Formosa,16397.0,15927.0,5146.0,16876.0,202.0,54548,0.0,54548,8.896427435598431,30.28
81,2022,1,Jujuy,21307.0,60616.0,25949.0,4662.0,3975.0,116509,0.0,116509,14.847641828629394,27.69
82,2022,1,La Pampa,8003.0,58978.0,21739.0,19903.0,1109.0,109560,172.0,109732,30.20041503140257,14.84
83,2022,1,La Rioja,9103.0,59228.0,9546.0,6395.0,31.0,84299,4.0,84303,20.96917417226944,41.37
84,2022,1,Mendoza,49464.0,74145.0,123228.0,26969.0,1379.0,274399,786.0,275185,13.5994765497552,26.2
85,2022,1,Misiones,39147.0,91752.0,25178.0,7807.0,7624.0,171508,0.0,171508,13.357539336702546,41.87
86,2022,1,Neuquén,28443.0,73200.0,24193.0,23098.0,745.0,149208,471.0,149679,22.07746042609429,43.05
87,2022,1,Río Negro,38662.0,45366.0,38037.0,16815.0,18494.0,156821,553.0,157374,20.61822984084394,31.09
88,2022,1,Salta,44714.0,98667.0,40994.0,5950.0,7190.0,197510,5.0,197515,13.588166053353753,36.71
89,2022,1,San Juan,34038.0,14449.0,11294.0,20723.0,7674.0,87888,290.0,88178,11.092116468606635,11.99
90,2022,1,San Luis,7987.0,11296.0,31.0,71809.0,28721.0,119659,185.0,119844,23.101656231687382,20.95
91,2022,1,Santa Cruz,10537.0,23420.0,10766.0,3974.0,405.0,48898,204.0,49102,12.894297328809571,10.89
92,2022,1,Santa Fe,213486.0,444609.0,146552.0,45261.0,20571.0,870364,115.0,870479,24.30739699893441,38.89
93,2022,1,Santiago Del Estero,18118.0,87979.0,1093.0,6349.0,2922.0,116459,2.0,116461,11.706882132029495,14.5
94,2022,1,Tierra Del Fuego,13031.0,38700.0,416.0,124.0,340.0,52298,313.0,52611,29.13865104068589,10.73
95,2022,1,Tucumán,92532.0,62396.0,86174.0,3995.0,487.0,245554,30.0,245584,14.215533334298076,47.24
96,2021,4,Buenos Aires,426325.0,2706506.0,1176024.0,126887.0,73415.0,4502772,6385.0,4509157,25.36251411440295,60.2091238315554
97,2021,4,Capital Federal,111360.0,1205128.0,60005.0,5679.0,29947.0,1409935,2184.0,1412119,45.848510714562856,82.94995496542248
98,2021,4,Catamarca,16385.0,13858.0,25100.0,1512.0,2235.0,59089,1.0,59090,14.054223759225389,46.380057758939095
99,2021,4,Chaco,35548.0,63145.0,34688.0,8005.0,2359.0,143740,5.0,143745,11.772399458164148,42.342637514688604
100,2021,4,Chubut,46361.0,57412.0,9655.0,28041.0,18839.0,159364,944.0,160308,25.309325144656967,9.082660638555469
101,2021,4,Córdoba,212011.0,487489.0,217214.0,61277.0,8779.0,986693,77.0,986770,25.873153715537683,46.36090745799214
102,2021,4,Corrientes,42523.0,71183.0,10138.0,6778.0,5290.0,135908,4.0,135912,11.983198552620909,35.772659194287044
103,2021,4,Entre Ríos,70459.0,133387.0,23452.0,25022.0,12726.0,265024,22.0,265046,18.88227767661483,33.31712584167462
104,2021,4,Formosa,17211.0,15111.0,5151.0,16018.0,172.0,53663,0.0,53663,8.768865242200624,28.75764894769421
105,2021,4,Jujuy,22330.0,60511.0,24156.0,2927.0,3991.0,113915,0.0,113915,14.555241944242493,27.14434303841708
106,2021,4,La Pampa,8175.0,58000.0,20192.0,19286.0,1354.0,106834,173.0,107007,29.509892061530994,13.853882842854397
107,2021,4,La Rioja,10387.0,56651.0,9446.0,6613.0,31.0,83124,4.0,83128,20.74238205028396,39.69594513667998
108,2021,4,Mendoza,59842.0,71553.0,109667.0,24666.0,1859.0,266783,804.0,267587,13.25625900699059,22.23158340100516
109,2021,4,Misiones,41778.0,92068.0,22035.0,7649.0,7602.0,171132,0.0,171132,13.363319043268442,38.90334925090757
110,2021,4,Neuquén,29175.0,72761.0,23253.0,21531.0,746.0,146989,477.0,147466,21.817563119077384,40.092530111167584
111,2021,4,Río Negro,42037.0,44495.0,32212.0,16558.0,18451.0,153189,564.0,153753,20.205613568445425,27.20317045489215
112,2021,4,Salta,46972.0,99808.0,39555.0,5882.0,7188.0,199399,6.0,199405,13.759337691497716,33.940639744985226
113,2021,4,San Juan,35868.0,13102.0,11072.0,11423.0,8493.0,79667,291.0,79958,10.084133235970333,11.05274930815778
114,2021,4,San Luis,8472.0,11064.0,30.0,70560.0,28723.0,118662,187.0,118849,22.97895624197615,20.90972444801464
115,2021,4,Santa Cruz,10790.0,22902.0,10031.0,4346.0,417.0,48276,210.0,48486,12.808821353847454,8.990650984477549
116,2021,4,Santa Fe,233427.0,444373.0,128856.0,43556.0,16229.0,866265,176.0,866441,24.23965799751964,36.024023837275145
117,2021,4,Santiago Del Estero,19032.0,86563.0,1088.0,6256.0,2922.0,115859,2.0,115861,11.675440470480114,13.84088684951507
118,2021,4,Tierra Del Fuego,13317.0,38148.0,426.0,124.0,342.0,52042,315.0,52357,29.171007839182543,10.696704944050463
119,2021,4,Tucumán,97830.0,59022.0,78790.0,2511.0,486.0,238609,30.0,238639,13.852880446424065,45.14812243339947
120,2021,3,Buenos Aires,585729.0,2595485.0,885613.0,120228.0,64554.0,4246425,5184.0,4251609,23.96989190399953,56.25755092469591
121,2021,3,Capital Federal,142902.0,1192107.0,42966.0,6059.0,29371.0,1411797,1608.0,1413405,45.90038346526859,77.71207106907312
122,2021,3,Catamarca,18413.0,11709.0,22331.0,1568.0,2233.0,56253,1.0,56254,13.407472376612356,43.43333599763174
123,2021,3,Chaco,38258.0,63659.0,27583.0,8018.0,2353.0,139868,3.0,139871,11.48213456009956,39.113135809207584
124,2021,3,Chubut,49269.0,55794.0,8946.0,23376.0,18681.0,155266,800.0,156066,24.738375502880167,8.176860363136605
125,2021,3,Córdoba,229275.0,477223.0,167495.0,57617.0,15178.0,946726,62.0,946788,24.885957628675676,41.92778724566202
126,2021,3,Corrientes,44805.0,69403.0,7542.0,6766.0,5303.0,133816,3.0,133819,11.8228555121759,32.16890082785829
127,2021,3,Entre Ríos,74443.0,128752.0,20485.0,23500.0,13195.0,260360,15.0,260375,18.590565595869126,29.60123187949277
128,2021,3,Formosa,18093.0,14111.0,4730.0,15690.0,171.0,52795,0.0,52795,8.643582187295351,26.68942678494665
129,2021,3,Jujuy,23554.0,60758.0,19926.0,2952.0,3968.0,111158,0.0,111158,14.240381868423986,25.980702520297545
130,2021,3,La Pampa,9015.0,57881.0,17817.0,14479.0,1295.0,100371,116.0,100487,27.767891191051227,12.99161507240359
131,2021,3,La Rioja,11329.0,54744.0,9444.0,6613.0,30.0,82157,3.0,82160,20.565964530219404,38.86795185445044
132,2021,3,Mendoza,91474.0,71247.0,70579.0,21811.0,828.0,255320,619.0,255939,12.710228113581037,13.365156173184468
133,2021,3,Misiones,43230.0,89469.0,10969.0,7198.0,7662.0,158528,0.0,158528,12.411772581325812,30.87871831426499
134,2021,3,Neuquén,29650.0,73794.0,16455.0,19270.0,640.0,139436,373.0,139809,20.74816202113861,38.34222315428742
135,2021,3,Río Negro,47934.0,44519.0,18725.0,15031.0,18376.0,144084,501.0,144585,19.05925062746504,25.400065197148727
136,2021,3,Salta,49212.0,98318.0,36126.0,5724.0,6453.0,195831,2.0,195833,13.55352602212216,31.209681857038827
137,2021,3,San Juan,40072.0,12922.0,6670.0,11372.0,8447.0,79227,256.0,79483,10.050236642022517,7.041300820394967
138,2021,3,San Luis,8417.0,11884.0,27.0,68856.0,28680.0,117716,148.0,117864,22.857408818789526,21.69870707116376
139,2021,3,Santa Cruz,12347.0,22961.0,6328.0,4269.0,3071.0,48779,197.0,48976,13.016254371883871,7.692326941812981
140,2021,3,Santa Fe,245929.0,443156.0,93412.0,43447.0,15640.0,841433,151.0,841584,23.58815244581783,33.13229624738131
141,2021,3,Santiago Del Estero,19939.0,85535.0,909.0,6147.0,2928.0,115457,1.0,115458,11.660736690891678,13.352723533519551
142,2021,3,Tierra Del Fuego,12853.0,36958.0,6.0,16.0,390.0,49934,289.0,50223,28.150170112829368,9.52
143,2021,3,Tucumán,104489.0,53868.0,70964.0,2408.0,743.0,232447,25.0,232472,13.533446775711845,42.10118530571482
144,2021,2,Buenos Aires,603255.0,2503830.0,854173.0,113546.0,57547.0,4127167,5184.0,4132351,23.35247372787298,52.75542937003713
145,2021,2,Capital Federal,148989.0,1175097.0,41318.0,5580.0,29371.0,1398747,1608.0,1400355,45.48719048129489,72.74675003231476
146,2021,2,Catamarca,20305.0,9426.0,22331.0,1449.0,2233.0,55743,1.0,55744,13.313748671467298,42.18506376779111
147,2021,2,Chaco,39826.0,62948.0,27584.0,8018.0,2353.0,140726,3.0,140729,11.580041340539402,37.39690959622207
148,2021,2,Chubut,49271.0,41497.0,6081.0,23682.0,18706.0,138412,825.0,139237,22.159781771420207,7.67690621713348
149,2021,2,Córdoba,239780.0,467782.0,151855.0,55944.0,15519.0,930818,62.0,930880,24.528406291253745,39.59011648994794
150,2021,2,Corrientes,46648.0,67262.0,3731.0,6557.0,5303.0,129498,3.0,129501,11.46506458012956,30.368054802005656
151,2021,2,Entre Ríos,77836.0,124957.0,17856.0,23786.0,13197.0,257617,15.0,257632,18.435680632917915,27.61897306203556
152,2021,2,Formosa,19571.0,12509.0,3610.0,15690.0,171.0,51551,0.0,51551,8.456293049570467,23.96630452806761
153,2021,2,Jujuy,24738.0,60800.0,19611.0,2731.0,3968.0,111848,0.0,111848,14.366784069218694,25.812477856862227
154,2021,2,La Pampa,9017.0,57014.0,17132.0,13209.0,1295.0,97551,116.0,97667,27.043558440191944,12.27922373804818
155,2021,2,La Rioja,11627.0,54255.0,9445.0,6245.0,30.0,81599,3.0,81602,20.49158509575061,38.53489438300775
156,2021,2,Mendoza,91503.0,70834.0,44696.0,21811.0,827.0,229052,619.0,229671,11.433847066800618,13.465987205003026
157,2021,2,Misiones,44960.0,87861.0,10376.0,5317.0,7662.0,156176,0.0,156176,12.26014659485293,28.682221735396933
158,2021,2,Neuquén,30083.0,72690.0,15619.0,19218.0,640.0,137877,373.0,138250,20.58023612564588,36.10972145846688
159,2021,2,Río Negro,48189.0,43761.0,18727.0,15031.0,18376.0,143583,501.0,144084,19.052051860128397,23.74844668144268
160,2021,2,Salta,51396.0,96016.0,32050.0,5724.0,6453.0,191637,2.0,191639,13.303441391384512,29.239354220742428
161,2021,2,San Juan,40072.0,12369.0,6673.0,11372.0,8447.0,78677,256.0,78933,10.00671906693712,6.993162601626016
162,2021,2,San Luis,8417.0,11308.0,28.0,66860.0,36205.0,122670,148.0,122818,23.89055527674358,21.66188998963924
163,2021,2,Santa Cruz,12347.0,22967.0,6328.0,4269.0,3071.0,48785,197.0,48982,13.096756425784957,7.629667005202396
164,2021,2,Santa Fe,256741.0,431915.0,90424.0,43997.0,17523.0,840449,151.0,840600,23.60478745301367,30.7018831645519
165,2021,2,Santiago Del Estero,20734.0,83770.0,909.0,5081.0,3596.0,114089,1.0,114090,11.554388875216851,12.718797838683304
166,2021,2,Tierra Del Fuego,12853.0,22504.0,6.0,14.0,316.0,35404,289.0,35693,20.126647945777083,8.591921426483484
167,2021,2,Tucumán,110429.0,48359.0,71683.0,1837.0,743.0,233026,25.0,233051,13.606163819728009,40.30992032851357
168,2021,1,Buenos Aires,629679.0,2452056.0,821597.0,98806.0,57864.0,4054936,5066.0,4060002,22.99835397576201,50.78565608506508
169,2021,1,Capital Federal,159805.0,1145093.0,39980.0,5559.0,29236.0,1378283,1390.0,1379673,44.82699016464177,68.29026886796898
170,2021,1,Catamarca,26316.0,4409.0,18688.0,322.0,2233.0,51967,1.0,51968,12.438278918256517,39.96652623965282
171,2021,1,Chaco,43214.0,61251.0,25426.0,8004.0,1875.0,139767,3.0,139770,11.528896477487844,33.6262012999863
172,2021,1,Chubut,45501.0,40960.0,3444.0,23723.0,18712.0,131515,825.0,132340,21.147838315076264,7.531527409144197
173,2021,1,Córdoba,260350.0,444695.0,134634.0,54137.0,17065.0,910826,55.0,910881,24.061371645661502,36.16879932843764
174,2021,1,Corrientes,49160.0,62876.0,3337.0,5949.0,5303.0,126622,3.0,126625,11.234115869536096,25.985171359720063
175,2021,1,Entre Ríos,83688.0,118424.0,16846.0,20836.0,12169.0,251950,13.0,251963,18.070581721504357,23.87133437318357
176,2021,1,Formosa,20663.0,11412.0,2562.0,15669.0,380.0,50686,0.0,50686,8.330895284429907,20.980327506975215
177,2021,1,Jujuy,32254.0,54324.0,17322.0,2677.0,3879.0,110456,0.0,110456,14.226045966500736,26.777362312404005
178,2021,1,La Pampa,8946.0,58711.0,15779.0,12369.0,1300.0,96989,116.0,97105,26.943299898725044,10.728511929531797
179,2021,1,La Rioja,17363.0,34984.0,1.0,250.0,30.0,52625,3.0,52628,13.258360163449572,12.697554732181876
180,2021,1,Mendoza,91844.0,69295.0,38619.0,18332.0,833.0,218308,615.0,218923,10.926002451479471,12.599361245254226
181,2021,1,Misiones,48292.0,82339.0,7064.0,4796.0,6896.0,149387,0.0,149387,11.758811611223322,25.076826126081443
182,2021,1,Neuquén,30223.0,70457.0,14171.0,17752.0,632.0,132862,373.0,133235,19.895917331182982,34.23850264753642
183,2021,1,Río Negro,48777.0,42192.0,17828.0,13994.0,18377.0,140667,501.0,141168,18.724905657874665,21.92390676083096
184,2021,1,Salta,54768.0,89187.0,31498.0,5669.0,6452.0,187572,2.0,187574,13.061128426236175,27.31884069404982
185,2021,1,San Juan,40072.0,11589.0,6671.0,11482.0,8453.0,78011,256.0,78267,9.948368694803314,6.910089995382067
186,2021,1,San Luis,8417.0,10678.0,28.0,63826.0,36205.0,119006,148.0,119154,23.24883515831701,21.594379804710776
187,2021,1,Santa Cruz,12347.0,23089.0,5975.0,4264.0,390.0,45868,197.0,46065,12.391825403443834,7.501531847531764
188,2021,1,Santa Fe,277012.0,421480.0,70976.0,39140.0,17519.0,825990,137.0,826127,23.242382186130484,28.130630073152936
189,2021,1,Santiago Del Estero,26468.0,75849.0,570.0,5158.0,3596.0,111640,1.0,111641,11.334871169032644,11.584174516498134
190,2021,1,Tierra Del Fuego,12853.0,27247.0,6.0,0.0,316.0,40133,289.0,40422,22.9312154304354,8.734752396277898
191,2021,1,Tucumán,147199.0,12185.0,69954.0,1834.0,740.0,231890,22.0,231912,13.57896382467824,37.97961958190828
192,2020,4,Buenos Aires,635651.0,2441248.0,804991.0,93444.0,57927.0,4028195,5066.0,4033261,22.90151153254686,50.00838083963576
193,2020,4,Capital Federal,163060.0,1142528.0,39890.0,4815.0,29237.0,1378140,1390.0,1379530,44.8339684267828,67.32513676879374
194,2020,4,Catamarca,26870.0,5115.0,17856.0,322.0,2233.0,52395,1.0,52396,12.567459308545084,37.6500877273544
195,2020,4,Chaco,44332.0,61200.0,23687.0,7997.0,1875.0,139088,3.0,139091,11.50064617804086,32.45204676418101
196,2020,4,Chubut,45703.0,39756.0,3040.0,23363.0,18712.0,129749,825.0,130574,20.95087117462161,7.383087626414736
197,2020,4,Córdoba,267396.0,439322.0,125620.0,52827.0,17536.0,902646,55.0,902701,23.904978675681004,35.120601241883946
198,2020,4,Corrientes,50102.0,61495.0,3146.0,5626.0,5290.0,125656,3.0,125659,11.172002734788627,25.446700896630592
199,2020,4,Entre Ríos,85683.0,113670.0,15653.0,20206.0,12169.0,247368,13.0,247381,17.78197083072765,24.05327825306045
200,2020,4,Formosa,21264.0,10789.0,2432.0,15341.0,380.0,50206,0.0,50206,8.268390853815193,19.6983490087788
201,2020,4,Jujuy,32850.0,52815.0,15639.0,1077.0,3470.0,105851,0.0,105851,13.66962311713536,25.20639328416149
202,2020,4,La Pampa,9009.0,58945.0,15432.0,12194.0,1315.0,96779,116.0,96895,26.9404221718048,9.875605170860927
203,2020,4,La Rioja,17513.0,34984.0,1.0,250.0,30.0,52775,3.0,52778,13.339129511730942,12.534655980598345
204,2020,4,Mendoza,91842.0,68364.0,36083.0,18331.0,833.0,214838,615.0,215453,10.779753857792285,11.093171319457166
205,2020,4,Misiones,49462.0,79855.0,6589.0,4359.0,6896.0,147161,0.0,147161,11.614898792582805,24.956617779680364
206,2020,4,Neuquén,30468.0,70614.0,13732.0,17689.0,632.0,132762,373.0,133135,19.943555550895127,33.90786486677393
207,2020,4,Río Negro,48991.0,42022.0,17826.0,13994.0,18377.0,140709,501.0,141210,18.789319055171752,21.636719189849995
208,2020,4,Salta,56659.0,87817.0,30604.0,5858.0,6452.0,187388,2.0,187390,13.088389057411083,25.32243965074473
209,2020,4,San Juan,40072.0,7004.0,6599.0,10468.0,8453.0,72340,256.0,72596,9.251858120163536,6.412867397953183
210,2020,4,San Luis,8417.0,11767.0,27.0,63019.0,36205.0,119287,148.0,119435,23.375314368474104,21.252954082189127
211,2020,4,Santa Cruz,12347.0,19657.0,1041.0,4659.0,2970.0,40477,197.0,40674,11.008682660661702,7.492108628119051
212,2020,4,Santa Fe,287271.0,414746.0,62692.0,38712.0,17392.0,820676,137.0,820813,23.136769743176902,27.294352446215623
213,2020,4,Santiago Del Estero,26812.0,70522.0,570.0,5169.0,3596.0,106668,1.0,106669,10.857437164805166,11.280765527511996
214,2020,4,Tierra Del Fuego,12853.0,26439.0,6.0,0.0,316.0,39325,289.0,39614,22.609569143137627,8.486806949337868
215,2020,4,Tucumán,149322.0,11150.0,68043.0,1834.0,740.0,231067,22.0,231089,13.57016980842894,36.44224682915296
216,2020,3,Buenos Aires,653930.0,2384557.0,749087.0,94162.0,55541.0,3932211,5066.0,3937277,22.410088053440287,48.37662390811511
217,2020,3,Capital Federal,170375.0,1129573.0,39417.0,3936.0,29374.0,1371285,1390.0,1372675,44.62274289719256,63.80852025607172
218,2020,3,Catamarca,26868.0,3690.0,16857.0,261.0,2228.0,49903,1.0,49904,11.995288801288368,36.540436607329845
219,2020,3,Chaco,45745.0,58825.0,20675.0,6706.0,2003.0,133951,3.0,133954,11.102767361905425,30.802726948564217
220,2020,3,Chubut,45761.0,39386.0,2897.0,23216.0,18767.0,129202,825.0,130027,20.94871530485329,7.402074441844787
221,2020,3,Córdoba,276360.0,430771.0,102217.0,48368.0,9756.0,867417,55.0,867472,23.029708353509868,33.51119497419789
222,2020,3,Corrientes,50858.0,58681.0,2960.0,5513.0,5379.0,123388,3.0,123391,10.993613616681577,23.851523971242955
223,2020,3,Entre Ríos,87892.0,106950.0,13954.0,20379.0,12320.0,241482,13.0,241495,17.398110879051448,22.432598646206184
224,2020,3,Formosa,21790.0,10003.0,2000.0,15023.0,393.0,49209,0.0,49209,8.120337229392224,18.2828320694304
225,2020,3,Jujuy,32611.0,57682.0,11112.0,952.0,4371.0,106728,0.0,106728,13.820037033679933,21.910419686869957
226,2020,3,La Pampa,9015.0,56845.0,14677.0,11893.0,1305.0,93619,116.0,93735,26.115702018823036,10.697630905402091
227,2020,3,La Rioja,17346.0,34984.0,1.0,250.0,35.0,52613,3.0,52616,13.341312020771634,12.194703767058195
228,2020,3,Mendoza,91908.0,64672.0,32817.0,17523.0,868.0,207173,615.0,207788,10.422355488053226,10.18749103459563
229,2020,3,Misiones,50195.0,77989.0,2572.0,3445.0,8985.0,143186,0.0,143186,11.331798537010409,24.14176187252152
230,2020,3,Neuquén,30222.0,70446.0,11043.0,16787.0,737.0,128862,373.0,129235,19.42045929269766,31.46090402703376
231,2020,3,Río Negro,49530.0,40001.0,10381.0,13187.0,18368.0,130966,501.0,131467,17.54802558517,21.07777870325876
232,2020,3,Salta,58216.0,84128.0,25445.0,5764.0,7293.0,180844,2.0,180846,12.670239307125406,25.261155924027737
233,2020,3,San Juan,40092.0,9223.0,5509.0,14023.0,8480.0,77071,256.0,77327,9.88083251128296,6.027864793582682
234,2020,3,San Luis,8401.0,10077.0,6.0,61828.0,36253.0,116417,148.0,116565,22.8839263803681,20.84992813378867
235,2020,3,Santa Cruz,12845.0,16098.0,1027.0,6938.0,2373.0,39084,197.0,39281,10.697207032526524,6.649363712026633
236,2020,3,Santa Fe,295051.0,405807.0,45721.0,37112.0,19307.0,802861,137.0,802998,22.677710522681583,25.690941341268072
237,2020,3,Santiago Del Estero,26419.0,70720.0,555.0,4185.0,3613.0,105491,1.0,105492,10.76484130094044,10.87901727065974
238,2020,3,Tierra Del Fuego,12854.0,26491.0,0.0,0.0,310.0,39366,289.0,39655,22.7715153638102,8.506676055475614
239,2020,3,Tucumán,149605.0,11752.0,59949.0,1808.0,762.0,223854,22.0,223876,13.184990703555616,34.835801698615526
240,2020,2,Buenos Aires,661272.0,2244277.0,723072.0,91736.0,57189.0,3772480,5066.0,3777546,21.55285840483632,45.66197363212277
241,2020,2,Capital Federal,178896.0,1106133.0,39482.0,3937.0,29373.0,1356431,1390.0,1357821,44.15182686820503,60.4844973584038
242,2020,2,Catamarca,26968.0,3641.0,14878.0,261.0,2228.0,47975,1.0,47976,11.556666835285702,34.92595642857143
243,2020,2,Chaco,46816.0,56017.0,17266.0,6452.0,1581.0,128129,3.0,128132,10.646198278920558,27.95228467436429
244,2020,2,Chubut,45761.0,38279.0,1324.0,17678.0,5614.0,107831,825.0,108656,17.577923412048097,7.605487984559083
245,2020,2,Córdoba,282858.0,415007.0,85818.0,44522.0,8263.0,836413,55.0,836468,22.262629768284132,30.987577637139463
246,2020,2,Corrientes,51248.0,55536.0,3144.0,3927.0,5011.0,118863,3.0,118866,10.613139950481656,22.15030606257576
247,2020,2,Entre Ríos,89391.0,99423.0,13954.0,20042.0,11303.0,234100,13.0,234113,16.90464963972206,20.448621178442583
248,2020,2,Formosa,21805.0,9353.0,1882.0,14723.0,169.0,47932,0.0,47932,7.925539742616724,16.870258993114398
249,2020,2,Jujuy,32705.0,38938.0,5057.0,952.0,16664.0,94316,0.0,94316,12.246000275261045,15.864013631862552
250,2020,2,La Pampa,8551.0,54422.0,14232.0,11314.0,1290.0,89693,116.0,89809,25.07384596485546,8.028862255598405
251,2020,2,La Rioja,16885.0,34984.0,1.0,250.0,35.0,52152,3.0,52155,13.267548880443243,11.66911096197726
252,2020,2,Mendoza,91904.0,62941.0,29613.0,15924.0,802.0,200569,615.0,201184,10.116652469373571,9.274562732094155
253,2020,2,Misiones,50792.0,74497.0,2579.0,3319.0,9153.0,140340,0.0,140340,11.136919674351834,22.560122617583183
254,2020,2,Neuquén,30256.0,67990.0,11037.0,15755.0,1134.0,125799,373.0,126172,19.02059866374008,29.100147623878517
255,2020,2,Río Negro,49756.0,39650.0,10382.0,11331.0,18367.0,128985,501.0,129486,17.338453751536527,19.679596047283173
256,2020,2,Salta,59502.0,81740.0,24289.0,5123.0,7108.0,177760,2.0,177762,12.492822821915324,22.55853618795662
257,2020,2,San Juan,40092.0,8275.0,5509.0,7019.0,8882.0,69521,256.0,69777,8.939786450606132,6.308614963196474
258,2020,2,San Luis,8401.0,8357.0,6.0,60935.0,36253.0,113804,148.0,113952,22.440286647722235,21.02062693689071
259,2020,2,Santa Cruz,12845.0,16044.0,1027.0,6585.0,2368.0,38672,197.0,38869,10.650675172081195,6.593202418178028
260,2020,2,Santa Fe,299974.0,381679.0,46698.0,30487.0,19094.0,777795,137.0,777932,22.01189934872471,23.925791608984092
261,2020,2,Santiago Del Estero,25917.0,72074.0,355.0,3038.0,4063.0,105446,1.0,105447,10.787648634906734,10.411619106122004
262,2020,2,Tierra Del Fuego,12854.0,26025.0,0.0,0.0,310.0,38900,289.0,39189,22.642392447335883,8.128329395457266
263,2020,2,Tucumán,150084.0,9833.0,55120.0,1357.0,762.0,217134,22.0,217156,12.826796661758182,32.70453443718797
264,2020,1,Buenos Aires,673237.0,2210349.0,720688.0,85443.0,18334.0,3702985,5066.0,3708051,21.20808101421276,45.18128807375552
265,2020,1,Capital Federal,184494.0,1097635.0,38898.0,3911.0,28556.0,1352104,1390.0,1353494,44.02408243452466,58.70568296242247
266,2020,1,Catamarca,21945.0,3146.0,12056.0,261.0,2227.0,39634,1.0,39635,9.568286447482455,29.132225012939607
267,2020,1,Chaco,46356.0,54144.0,11958.0,6239.0,1580.0,120274,3.0,120277,10.018358007806318,25.942049334121737
268,2020,1,Chubut,45763.0,27287.0,1324.0,16885.0,5479.0,95938,800.0,96738,15.715139739949183,7.117047781865397
269,2020,1,Córdoba,286168.0,406109.0,68512.0,41617.0,8693.0,811044,55.0,811099,21.64232669040361,29.39478783506133
270,2020,1,Corrientes,51126.0,53231.0,2172.0,2437.0,5004.0,113967,3.0,113970,10.198192297264283,20.538999274943325
271,2020,1,Entre Ríos,90368.0,95434.0,13245.0,18737.0,14062.0,231833,13.0,231846,16.779387594256768,19.029765335057498
272,2020,1,Formosa,21068.0,8887.0,1800.0,14510.0,169.0,46434,0.0,46434,7.693633209507935,15.697352607415109
273,2020,1,Jujuy,32066.0,38938.0,3078.0,942.0,16641.0,91665,0.0,91665,11.934505713694248,14.14492205715465
274,2020,1,La Pampa,8553.0,53755.0,13821.0,11295.0,1802.0,89110,116.0,89226,24.96348894596364,7.291757720474826
275,2020,1,La Rioja,13076.0,34984.0,0.0,251.0,29.0,48337,3.0,48340,12.337423688670192,7.962418947150687
276,2020,1,Mendoza,91955.0,50251.0,28059.0,12465.0,722.0,182837,615.0,183452,9.248656325291032,8.440867710216997
277,2020,1,Misiones,51458.0,69452.0,1220.0,460.0,10962.0,133552,0.0,133552,10.627621055982177,22.148213068436263
278,2020,1,Neuquén,29305.0,65951.0,11031.0,14711.0,729.0,121354,373.0,121727,18.409872883598883,27.76828207897622
279,2020,1,Río Negro,47756.0,38479.0,10381.0,11222.0,18362.0,125699,501.0,126200,16.95263605430754,19.06030056406124
280,2020,1,Salta,60426.0,75593.0,23025.0,4125.0,7212.0,170379,2.0,170381,12.011697200976553,21.425047243902736
281,2020,1,San Juan,40092.0,6448.0,5508.0,7082.0,5101.0,63975,256.0,64231,8.251277881190129,6.036984591484099
282,2020,1,San Luis,8301.0,7612.0,5.0,58301.0,36333.0,110404,148.0,110552,21.838769386372302,20.989379744282655
283,2020,1,Santa Cruz,12845.0,15766.0,1026.0,6817.0,2368.0,38625,197.0,38822,10.704172537298618,6.417170627364028
284,2020,1,Santa Fe,302366.0,383673.0,35123.0,30488.0,19468.0,770981,137.0,771118,21.86132458787361,22.42405677003625
285,2020,1,Santiago Del Estero,24695.0,70424.0,200.0,2779.0,4657.0,102754,1.0,102755,10.539212166838636,10.00053908049476
286,2020,1,Tierra Del Fuego,12854.0,25632.0,0.0,0.0,308.0,38505,289.0,38794,22.552553250860385,7.410865837696335
287,2020,1,Tucumán,143184.0,10494.0,44687.0,1355.0,347.0,200045,22.0,200067,11.852464901793743,32.24553094303289
288,2019,4,Buenos Aires,720011.0,2191672.0,669194.0,87111.0,18266.0,3681120,5134.0,3686254,21.135089381908887,30.769694141005864
289,2019,4,Capital Federal,196938.0,1093143.0,35534.0,3914.0,28576.0,1356695,1410.0,1358105,44.18705360861236,44.20317867008588
290,2019,4,Catamarca,22999.0,3318.0,9506.0,261.0,2227.0,38310,1.0,38311,9.268865071492511,24.87830767046261
291,2019,4,Chaco,48661.0,53602.0,8831.0,5229.0,1580.0,117900,3.0,117903,9.84506318966921,23.37495080016229
292,2019,4,Chubut,47045.0,26977.0,1324.0,15267.0,5489.0,95292,810.0,96102,15.6771711859264,6.994113523445059
293,2019,4,Córdoba,296872.0,410038.0,53335.0,37750.0,8693.0,806633,55.0,806688,21.57949716642836,26.16228061451293
294,2019,4,Corrientes,52525.0,51845.0,2002.0,2458.0,5004.0,113831,3.0,113834,10.208283637368018,19.255411607971407
295,2019,4,Entre Ríos,92981.0,99206.0,12875.0,18561.0,15407.0,239017,13.0,239030,17.339132629892976,17.007580897657125
296,2019,4,Formosa,21567.0,8684.0,1760.0,14531.0,169.0,46711,0.0,46711,7.755476118924716,14.525629551519328
297,2019,4,Jujuy,32949.0,37604.0,873.0,814.0,16641.0,88881,0.0,88881,11.60391510228381,12.959200042804213
298,2019,4,La Pampa,15457.0,56854.0,4942.0,11341.0,1805.0,90280,119.0,90399,25.344921847620384,6.526152195693043
299,2019,4,La Rioja,13738.0,34984.0,0.0,251.0,29.0,48999,3.0,49002,12.547563567459605,8.000880364029628
300,2019,4,Mendoza,96678.0,49711.0,24989.0,13672.0,730.0,185157,623.0,185780,9.39011273391884,7.785200889987086
301,2019,4,Misiones,53116.0,69676.0,847.0,441.0,11733.0,135813,0.0,135813,10.837581902491848,20.32034743574273
302,2019,4,Neuquén,29826.0,60970.0,10549.0,14246.0,854.0,116069,376.0,116445,17.668184976921886,26.01988431478295
303,2019,4,Río Negro,49747.0,37933.0,9658.0,11437.0,18365.0,126636,504.0,127140,17.13387032217983,17.17699897385603
304,2019,4,Salta,63272.0,76062.0,21865.0,3040.0,8206.0,172443,2.0,172445,12.195492805546795,19.08357302283381
305,2019,4,San Juan,41360.0,6338.0,4931.0,7241.0,5104.0,64715,259.0,64974,8.36915261267133,6.040171698468491
306,2019,4,San Luis,8569.0,8027.0,6.0,55266.0,36333.0,108053,148.0,108201,21.441352893267837,20.690353422143115
307,2019,4,Santa Cruz,13264.0,15899.0,1036.0,6800.0,2371.0,39170,200.0,39370,10.923427797723754,5.207925064069708
308,2019,4,Santa Fe,312072.0,382254.0,27464.0,26978.0,20401.0,769019,150.0,769169,21.84835065573258,20.54719701980728
309,2019,4,Santiago Del Estero,24682.0,71239.0,200.0,2810.0,4657.0,103587,1.0,103588,10.651974288337923,9.792201844355846
310,2019,4,Tierra Del Fuego,13261.0,26821.0,0.0,0.0,310.0,40101,291.0,40392,23.62754675261621,7.27
311,2019,4,Tucumán,146985.0,11012.0,39574.0,725.0,348.0,198621,23.0,198644,11.803181280712074,29.87038932431276
312,2019,3,Buenos Aires,1277249.0,2144956.0,425386.0,85572.0,27070.0,3950114,10119.0,3960233,22.761733615562225,25.679380143834067
313,2019,3,Capital Federal,300288.0,1080973.0,24900.0,3895.0,31155.0,1437734,3477.0,1441211,46.904770893488056,38.71410056071139
314,2019,3,Catamarca,24349.0,5543.0,13.0,244.0,2251.0,32391,9.0,32400,7.855954765218487,9.293407429459826
315,2019,3,Chaco,50416.0,49156.0,8063.0,5224.0,1592.0,114438,13.0,114451,9.580664387529255,19.994668122685404
316,2019,3,Chubut,37298.0,27090.0,1917.0,15149.0,7551.0,87481,1524.0,89005,14.580466548718958,6.966323588474291
317,2019,3,Córdoba,307780.0,399231.0,30064.0,37277.0,8701.0,782946,107.0,783053,21.000781776953534,23.19340236493985
318,2019,3,Corrientes,53344.0,50230.0,1888.0,2458.0,4839.0,112749,10.0,112759,10.134028114178689,16.69992255090861
319,2019,3,Entre Ríos,94947.0,96305.0,12888.0,18530.0,15432.0,238057,45.0,238102,17.311661825597923,14.69513286650061
320,2019,3,Formosa,21777.0,8359.0,1476.0,14292.0,162.0,46066,0.0,46066,7.664177713890219,13.22353748406198
321,2019,3,Jujuy,33110.0,35742.0,274.0,812.0,16638.0,86575,1.0,86576,11.334206981241008,11.968240929924349
322,2019,3,La Pampa,19469.0,52941.0,4994.0,11462.0,1962.0,90559,269.0,90828,25.519002705641388,5.719666464891041
323,2019,3,La Rioja,14390.0,34984.0,11.0,251.0,41.0,49659,18.0,49677,12.76243179085612,8.002375296912113
324,2019,3,Mendoza,148640.0,54312.0,6865.0,12975.0,1545.0,223015,1322.0,224337,11.368189016279215,6.10822854552147
325,2019,3,Misiones,54493.0,65872.0,829.0,419.0,12270.0,133883,0.0,133883,10.713348334458953,17.931522461372833
326,2019,3,Neuquén,43347.0,60484.0,5560.0,13512.0,2518.0,123435,1986.0,125421,19.092075679641724,23.74841515996666
327,2019,3,Río Negro,67478.0,37425.0,9739.0,10806.0,18847.0,143391,904.0,144295,19.508498591229387,15.983718503999242
328,2019,3,Salta,65799.0,74329.0,733.0,1580.0,9394.0,151834,1.0,151835,10.771854623416075,14.746465244455525
329,2019,3,San Juan,51670.0,7425.0,1227.0,7241.0,5535.0,72535,563.0,73098,9.440941485226007,6.038229508650902
330,2019,3,San Luis,13037.0,10561.0,350.0,62286.0,36466.0,122409,291.0,122700,24.390971166174676,19.743826982349614
331,2019,3,Santa Cruz,10663.0,17056.0,969.0,6544.0,2738.0,37642,328.0,37970,10.601555192584216,5.017746940956451
332,2019,3,Santa Fe,319396.0,377171.0,18690.0,24269.0,21408.0,760706,228.0,760934,21.656424746361637,18.165529686687883
333,2019,3,Santiago Del Estero,24556.0,71198.0,219.0,2759.0,34400.0,133130,2.0,133132,13.725288048364083,9.38941313142636
334,2019,3,Tierra Del Fuego,19790.0,26659.0,651.0,0.0,1487.0,48043,544.0,48587,28.59892519321212,6.690701380143412
335,2019,3,Tucumán,150918.0,12089.0,116.0,684.0,324.0,164099,32.0,164131,9.781574184382116,19.323994794580525
336,2019,2,Buenos Aires,1284658.0,2079900.0,382971.0,75240.0,32929.0,3845594,10104.0,3855698,22.215789484298067,22.480046018557395
337,2019,2,Capital Federal,309937.0,1061358.0,36082.0,3962.0,4281.0,1412177,3443.0,1415620,46.08592579281094,30.346259857091997
338,2019,2,Catamarca,25682.0,5543.0,13.0,146.0,2251.0,33626,9.0,33635,8.173397032450584,8.81
339,2019,2,Chaco,50765.0,47448.0,4203.0,4727.0,1591.0,108721,13.0,108734,9.125011329267103,16.01024333099657
340,2019,2,Chubut,37313.0,26338.0,1917.0,14443.0,7545.0,86038,1518.0,87556,14.403808727896068,6.054406893543786
341,2019,2,Córdoba,314768.0,388254.0,23023.0,33847.0,15236.0,775023,105.0,775128,20.84163724223824,18.43151783191278
342,2019,2,Corrientes,53835.0,47431.0,1701.0,2444.0,6138.0,111539,10.0,111549,10.047459019420458,13.833035083816176
343,2019,2,Entre Ríos,97081.0,91081.0,12764.0,17369.0,17529.0,235780,44.0,235824,17.185820444672466,12.193357817950574
344,2019,2,Formosa,21916.0,8686.0,1382.0,14292.0,162.0,46438,0.0,46438,7.742195783956093,10.836611219480826
345,2019,2,Jujuy,33022.0,30742.0,274.0,812.0,21857.0,86706,1.0,86707,11.382934590825071,12.073382280507326
346,2019,2,La Pampa,19471.0,52101.0,4840.0,10789.0,3004.0,89937,268.0,90205,25.39783989548608,5.492288321417966
347,2019,2,La Rioja,15014.0,34984.0,11.0,251.0,41.0,50283,18.0,50301,12.965645588675004,7.894163486005089
348,2019,2,Mendoza,148673.0,54027.0,6865.0,12748.0,1544.0,222535,1322.0,223857,11.373356541672887,6.02629690452623
349,2019,2,Misiones,55373.0,64272.0,543.0,421.0,12269.0,132878,0.0,132878,10.662825595018376,14.50130254739236
350,2019,2,Neuquén,43420.0,59021.0,4983.0,12792.0,2737.0,120954,1999.0,122953,18.77790080562025,17.242865250195976
351,2019,2,Río Negro,67841.0,36527.0,4037.0,10485.0,19657.0,137632,915.0,138547,18.792276756346176,11.628050204319909
352,2019,2,Salta,68827.0,62343.0,725.0,1210.0,9463.0,142567,1.0,142568,10.146610869132008,12.548748750601565
353,2019,2,San Juan,51680.0,7425.0,1174.0,2870.0,6876.0,69461,564.0,70025,9.068540162527924,6.118522013069041
354,2019,2,San Luis,11130.0,10298.0,347.0,57242.0,38368.0,117094,291.0,117385,23.40822663016059,19.875972848399364
355,2019,2,Santa Cruz,10665.0,10257.0,379.0,6514.0,2735.0,30225,325.0,30550,8.584064828655885,6.008047317560813
356,2019,2,Santa Fe,325420.0,355140.0,18236.0,21980.0,22708.0,743258,226.0,743484,21.201130485144205,15.074549058890282
357,2019,2,Santiago Del Estero,24393.0,64783.0,219.0,2759.0,34600.0,126752,2.0,126754,13.101581339388986,7.103112882966522
358,2019,2,Tierra Del Fuego,19790.0,25527.0,651.0,0.0,1486.0,46910,544.0,47454,28.10756382159569,6.34
359,2019,2,Tucumán,153121.0,12089.0,116.0,684.0,321.0,166299,32.0,166331,9.942460440805863,18.52931788592033
360,2019,1,Buenos Aires,1304507.0,2020730.0,336362.0,64867.0,20201.0,3736563,10104.0,3746667,21.64173785141924,19.643958224230506
361,2019,1,Capital Federal,328246.0,1030814.0,32281.0,3978.0,4281.0,1396157,3443.0,1399600,45.57918389943661,24.715063293849774
362,2019,1,Catamarca,26912.0,4443.0,16.0,0.0,2251.0,33613,9.0,33622,8.188504627374574,7.964005155271879
363,2019,1,Chaco,53409.0,43555.0,1951.0,3628.0,1134.0,103664,13.0,103677,8.722835003407456,13.444236269077935
364,2019,1,Chubut,37302.0,23065.0,1923.0,14443.0,3045.0,78260,1518.0,79778,13.180368061670734,5.891730569196159
365,2019,1,Córdoba,323272.0,363959.0,19902.0,24615.0,12367.0,744010,105.0,744115,20.05952769269671,15.73486422864591
366,2019,1,Corrientes,55842.0,43444.0,1615.0,1528.0,58.0,102477,10.0,102487,9.25199213887151,12.049695550812029
367,2019,1,Entre Ríos,100999.0,90253.0,12723.0,16231.0,12241.0,232403,44.0,232447,16.979402393290254,10.659197328953976
368,2019,1,Formosa,22570.0,7878.0,940.0,13761.0,62.0,45211,0.0,45211,7.55368578631946,9.825089957835711
369,2019,1,Jujuy,33248.0,12484.0,153.0,640.0,43622.0,90146,1.0,90147,11.867849761055307,8.560464217465055
370,2019,1,La Pampa,18832.0,57373.0,2891.0,9023.0,1041.0,88892,268.0,89160,25.157516640472675,5.057861842867403
371,2019,1,La Rioja,16367.0,34984.0,12.0,252.0,41.0,51638,18.0,51656,13.359402478637785,7.092792286992043
372,2019,1,Mendoza,148524.0,40205.0,5662.0,10363.0,1544.0,204976,1322.0,206298,10.508862067173826,5.742764175317399
373,2019,1,Misiones,54898.0,59214.0,465.0,426.0,7717.0,122720,0.0,122720,9.87579609120626,12.512773459683505
374,2019,1,Neuquén,40747.0,55634.0,3114.0,12510.0,2372.0,112321,2056.0,114377,17.526490396034294,15.88465326391522
375,2019,1,Río Negro,68377.0,34124.0,3994.0,9736.0,4857.0,120173,915.0,121088,16.478122478195964,10.488420648136287
376,2019,1,Salta,74426.0,57933.0,647.0,1135.0,1879.0,136019,1.0,136020,9.711781014403453,10.37710001396946
377,2019,1,San Juan,51660.0,5838.0,808.0,2932.0,1207.0,61881,564.0,62445,8.108982017265918,5.839263189429536
378,2019,1,San Luis,11108.0,7784.0,378.0,53097.0,23968.0,96044,291.0,96335,19.27177940129152,8.708555188754593
379,2019,1,Santa Cruz,10659.0,4615.0,382.0,6514.0,2735.0,24580,325.0,24905,7.042691634453057,5.779992970397563
380,2019,1,Santa Fe,340038.0,340344.0,15621.0,23215.0,17860.0,736851,227.0,737078,21.059894917387947,12.986963477266004
381,2019,1,Santiago Del Estero,25337.0,61547.0,23.0,2847.0,99.0,89851,2.0,89853,9.3116162809496,6.415070737969083
382,2019,1,Tierra Del Fuego,19789.0,23549.0,1623.0,0.0,1486.0,45903,544.0,46447,27.684925791261847,6.341101450612301
383,2019,1,Tucumán,159215.0,11670.0,118.0,678.0,321.0,171970,32.0,172002,10.31263096739148,16.573299964579572
384,2018,4,Buenos Aires,1305576.0,1949637.0,296102.0,65477.0,19814.0,3626502,10104.0,3636606,21.058833823398523,16.934363010150058
385,2018,4,Capital Federal,328253.0,1019490.0,33042.0,3978.0,4257.0,1385577,3443.0,1389020,45.24931394036689,22.93530199223472
386,2018,4,Catamarca,26912.0,4443.0,16.0,0.0,2212.0,33574,9.0,33583,8.197333541624968,8.043920202659912
387,2018,4,Chaco,53409.0,43555.0,1940.0,3236.0,1130.0,103257,13.0,103270,8.7108351925502,13.492083570210347
388,2018,4,Chubut,37215.0,23065.0,952.0,14443.0,3047.0,77204,1518.0,78722,13.061729706052178,6.085223903684034
389,2018,4,Córdoba,328854.0,355716.0,17675.0,21851.0,13243.0,737234,105.0,737339,19.92843117514227,15.813667433629776
390,2018,4,Corrientes,55842.0,42418.0,796.0,1515.0,30.0,100591,10.0,100601,9.102210657080787,12.138923393387724
391,2018,4,Entre Ríos,101168.0,86198.0,4853.0,15472.0,14356.0,222003,44.0,222047,16.257794035384702,11.023282490376957
392,2018,4,Formosa,22619.0,7880.0,887.0,13761.0,57.0,45204,0.0,45204,7.568639138457005,9.816893711913805
393,2018,4,Jujuy,33248.0,12484.0,153.0,640.0,43608.0,90132,1.0,90133,11.89948419241854,8.562737601752614
394,2018,4,La Pampa,18832.0,55337.0,2685.0,7772.0,1010.0,85368,268.0,85636,24.215175627605007,4.319094957943483
395,2018,4,La Rioja,16367.0,34984.0,12.0,252.0,36.0,51633,18.0,51651,13.402859048246764,7.093382125154895
396,2018,4,Mendoza,148524.0,40205.0,5665.0,10363.0,1547.0,204982,1322.0,206304,10.536933969997644,5.746675102434321
397,2018,4,Misiones,55500.0,53673.0,465.0,426.0,6209.0,116273,0.0,116273,9.38376401334208,12.495112674155788
398,2018,4,Neuquén,40747.0,55634.0,3115.0,12425.0,2444.0,112309,2056.0,114365,17.58336203291432,15.89123364607043
399,2018,4,Río Negro,68377.0,34292.0,1299.0,8037.0,4832.0,115922,915.0,116837,15.952033444971306,10.487005565275494
400,2018,4,Salta,74295.0,57539.0,638.0,253.0,1853.0,134577,1.0,134578,9.63988499012216,10.45728408913591
401,2018,4,San Juan,51660.0,5838.0,806.0,2883.0,1211.0,61834,564.0,62398,8.125067548299477,5.715266539357845
402,2018,4,San Luis,11108.0,7784.0,378.0,53097.0,23964.0,96040,291.0,96331,19.332549309229275,8.818992791900516
403,2018,4,Santa Cruz,10659.0,4615.0,382.0,6378.0,2734.0,24443,325.0,24768,7.049080016507051,5.119507364772868
404,2018,4,Santa Fe,335519.0,322782.0,14387.0,18705.0,28997.0,720161,229.0,720390,20.62373640643868,13.179234899969485
405,2018,4,Santiago Del Estero,25339.0,61243.0,23.0,2649.0,81.0,89333,2.0,89335,9.2821177795649,6.309255243851745
406,2018,4,Tierra Del Fuego,19789.0,23349.0,1623.0,0.0,1499.0,45716,544.0,46260,27.748785315817887,7.436562008214025
407,2018,4,Tucumán,159215.0,11670.0,119.0,686.0,314.0,171972,32.0,172004,10.344120436439566,16.58323444553027
408,2018,3,Buenos Aires,1435856.0,1929273.0,156382.0,62318.0,26448.0,3599714,10563.0,3610277,20.95908740104848,16.77973513236217
409,2018,3,Capital Federal,334353.0,1009252.0,35694.0,3872.0,9319.0,1385804,6686.0,1392490,45.37709204560748,21.643368364061413
410,2018,3,Catamarca,27553.0,4443.0,15.0,1.0,2214.0,34215,11.0,34226,8.373046550087581,7.806521941530631
411,2018,3,Chaco,53927.0,42359.0,1990.0,2628.0,1129.0,102021,12.0,102033,8.628583509513742,12.89496189060927
412,2018,3,Chubut,58887.0,23065.0,1239.0,13817.0,6728.0,101310,2426.0,103736,17.28630822939319,6.076722322942862
413,2018,3,Córdoba,337620.0,342401.0,15785.0,19213.0,10839.0,725764,94.0,725858,19.66915749676994,14.8182495375679
414,2018,3,Corrientes,56444.0,41300.0,212.0,1468.0,32.0,99445,11.0,99456,9.018948170247882,11.493228365457124
415,2018,3,Entre Ríos,103318.0,83714.0,2403.0,15093.0,80.0,204560,48.0,204608,15.016208210741231,10.524753506287304
416,2018,3,Formosa,22777.0,7589.0,817.0,13625.0,57.0,44865,0.0,44865,7.5279498103121085,9.318495441068285
417,2018,3,Jujuy,33363.0,10856.0,32.0,641.0,43.0,44934,1.0,44935,5.949165647225797,7.669872151814152
418,2018,3,La Pampa,12415.0,54574.0,8437.0,7011.0,987.0,83180,244.0,83424,23.64056278957734,4.283048376167659
419,2018,3,La Rioja,16587.0,34984.0,13.0,253.0,35.0,51855,17.0,51872,13.505484520192356,6.156013225626096
420,2018,3,Mendoza,151033.0,40205.0,5744.0,8195.0,1852.0,205545,1484.0,207029,10.60196923196676,5.786015677158131
421,2018,3,Misiones,56290.0,50793.0,512.0,391.0,56.0,108042,0.0,108042,8.74450949017475,12.487485758721087
422,2018,3,Neuquén,46602.0,54129.0,998.0,12277.0,2712.0,114713,2005.0,116718,18.005451709791327,14.674244286624784
423,2018,3,Río Negro,68590.0,33474.0,1252.0,5051.0,5125.0,112433,1059.0,113492,15.546572458298687,10.06446008106754
424,2018,3,Salta,76600.0,53980.0,678.0,234.0,1391.0,132882,1.0,132883,9.549341341721156,9.265848177562406
425,2018,3,San Juan,54025.0,5838.0,826.0,2744.0,1048.0,63823,658.0,64481,8.419357955569252,5.738204725877363
426,2018,3,San Luis,11096.0,7784.0,368.0,52859.0,2314.0,74121,300.0,74421,14.9833598756571,8.814987579354126
427,2018,3,Santa Cruz,18606.0,4574.0,585.0,6238.0,3996.0,33565,434.0,33999,9.738987459252597,5.369715716600383
428,2018,3,Santa Fe,339126.0,312866.0,11749.0,16337.0,15022.0,694883,217.0,695100,19.939106982732063,12.357326043488577
429,2018,3,Santiago Del Estero,25805.0,58789.0,23.0,1662.0,81.0,86358,2.0,86360,8.996517443513934,5.779842512369051
430,2018,3,Tierra Del Fuego,19365.0,22649.0,1502.0,1.0,2047.0,45056,508.0,45564,27.506021696216745,5.98788374717833
431,2018,3,Tucumán,161209.0,9280.0,110.0,252.0,315.0,171135,31.0,171166,10.325137534986972,15.255950362488306
432,2018,2,Buenos Aires,1450203.0,1807868.0,143626.0,71256.0,27746.0,3490134,10565.0,3500699,20.374582324435124,14.679375512175804
433,2018,2,Capital Federal,342431.0,977916.0,35610.0,3908.0,9321.0,1362498,6688.0,1369186,44.63257774678805,18.93813458927817
434,2018,2,Catamarca,27444.0,4415.0,15.0,1.0,2214.0,34078,11.0,34089,8.35838388395506,7.693096507452943
435,2018,2,Chaco,54134.0,40750.0,562.0,1946.0,1129.0,98509,12.0,98521,8.353123614291734,12.499460181995785
436,2018,2,Chubut,58935.0,19591.0,1239.0,14070.0,6729.0,98137,2427.0,100564,16.830485129144066,5.329857730598913
437,2018,2,Córdoba,345141.0,327636.0,13832.0,16355.0,10109.0,712979,94.0,713073,19.373198551696014,13.876809406349514
438,2018,2,Corrientes,56541.0,39715.0,201.0,1468.0,32.0,97946,11.0,97957,8.903247385340823,10.87765289559918
439,2018,2,Entre Ríos,104811.0,80376.0,2405.0,12313.0,80.0,199937,48.0,199985,14.711648453505866,10.186702751759965
440,2018,2,Formosa,23543.0,7311.0,18.0,13625.0,57.0,44554,0.0,44554,7.491907616509303,8.974986530777175
441,2018,2,Jujuy,33571.0,10856.0,23.0,640.0,43.0,45132,1.0,45133,5.9923974768014165,6.289345589213642
442,2018,2,La Pampa,12416.0,53587.0,8420.0,7011.0,987.0,82177,244.0,82421,23.40701065826804,4.098364171057469
443,2018,2,La Rioja,16663.0,34984.0,13.0,253.0,35.0,51931,17.0,51948,13.570922884408905,5.591861584368082
444,2018,2,Mendoza,152938.0,36872.0,3084.0,6206.0,1852.0,199468,1484.0,200952,10.318226443150964,5.880529663045039
445,2018,2,Misiones,57265.0,47923.0,512.0,391.0,56.0,106147,0.0,106147,8.61598877251767,11.759657402552
446,2018,2,Neuquén,46633.0,52855.0,998.0,12649.0,2713.0,113842,2006.0,115848,17.931877810369247,13.365011560107956
447,2018,2,Río Negro,68667.0,32795.0,1252.0,4396.0,5125.0,111176,1059.0,112235,15.42558308937726,9.509595114373948
448,2018,2,Salta,78386.0,53478.0,678.0,234.0,1391.0,134166,1.0,134167,9.673102808845783,8.928271706442677
449,2018,2,San Juan,54080.0,5068.0,826.0,3079.0,1048.0,63443,658.0,64101,8.392841711641646,5.845597830692315
450,2018,2,San Luis,11104.0,7666.0,368.0,16.0,2314.0,21168,300.0,21468,4.336137508962927,5.900575184880855
451,2018,2,Santa Cruz,18615.0,4474.0,585.0,6734.0,3997.0,33970,435.0,34405,9.919588050940062,5.189289950855788
452,2018,2,Santa Fe,337934.0,304349.0,11354.0,15801.0,15114.0,684243,309.0,684552,19.675591530682105,11.74888462281756
453,2018,2,Santiago Del Estero,26074.0,55935.0,23.0,1662.0,81.0,83773,2.0,83775,8.750160589339375,5.911001646998384
454,2018,2,Tierra Del Fuego,19372.0,22756.0,531.0,1.0,2047.0,44199,508.0,44707,27.16231651599105,5.942745057375916
455,2018,2,Tucumán,160315.0,8965.0,110.0,252.0,315.0,169926,31.0,169957,10.283671207148595,13.506545729627105
456,2018,1,Buenos Aires,1452061.0,1793884.0,133928.0,64379.0,31194.0,3464882,10564.0,3475446,20.27965291057949,14.198889644680946
457,2018,1,Capital Federal,349995.0,968483.0,35535.0,3164.0,9393.0,1359882,6688.0,1366570,44.562961320417855,17.74557730418008
458,2018,1,Catamarca,27300.0,4415.0,15.0,1.0,2214.0,33934,11.0,33945,8.342098537275874,8.198860528714677
459,2018,1,Chaco,54879.0,40157.0,383.0,388.0,1130.0,96925,12.0,96937,8.240328535251999,12.444064678644969
460,2018,1,Chubut,56375.0,19591.0,1194.0,14070.0,6729.0,95532,2427.0,97959,16.466326556340928,5.418637938827784
461,2018,1,Córdoba,349342.0,326894.0,13178.0,13237.0,11275.0,713825,101.0,713926,19.447381073339752,12.790571217400483
462,2018,1,Corrientes,56937.0,35225.0,888.0,1334.0,33.0,94406,11.0,94417,8.60133260210877,11.118502865253635
463,2018,1,Entre Ríos,106998.0,75751.0,3789.0,10776.0,80.0,197346,48.0,197394,14.555673456325383,9.87523936699876
464,2018,1,Formosa,23556.0,7095.0,17.0,1603.0,57.0,32328,0.0,32328,5.4480098282582645,11.056815367469506
465,2018,1,Jujuy,33856.0,10456.0,23.0,28.0,43.0,44405,1.0,44406,5.912829505826147,6.741185879384532
466,2018,1,La Pampa,10807.0,51389.0,8386.0,10556.0,1926.0,82668,396.0,83064,23.64124866231016,3.995131352064104
467,2018,1,La Rioja,16960.0,34984.0,13.0,253.0,35.0,52228,17.0,52245,13.694770063119927,5.890820604111634
468,2018,1,Mendoza,152931.0,36872.0,3086.0,6206.0,1852.0,199463,1484.0,200947,10.345843091967913,5.881626969169374
469,2018,1,Misiones,56311.0,46880.0,328.0,5.0,56.0,103580,0.0,103580,8.432278416607307,12.082189465143012
470,2018,1,Neuquén,46714.0,55072.0,1000.0,12404.0,2713.0,115897,2006.0,117903,18.31283869735193,11.96045995607415
471,2018,1,Río Negro,68769.0,31712.0,1251.0,4259.0,5128.0,110057,1062.0,111119,15.323567091543692,8.976243194361576
472,2018,1,Salta,79936.0,51534.0,118.0,204.0,1391.0,133182,1.0,133183,9.633845443846392,9.1894409821995
473,2018,1,San Juan,54080.0,5068.0,826.0,2246.0,1048.0,62610,658.0,63268,8.306800710570991,5.850581035549749
474,2018,1,San Luis,11104.0,7594.0,368.0,16.0,2314.0,21096,300.0,21396,4.335615022675048,5.89436270457927
475,2018,1,Santa Cruz,18615.0,4474.0,1799.0,6734.0,2783.0,33970,435.0,34405,9.98473486255572,5.189289950855788
476,2018,1,Santa Fe,341997.0,300421.0,10674.0,11636.0,15298.0,679717,309.0,680026,19.58468236875741,11.173305005746002
477,2018,1,Santiago Del Estero,26788.0,54594.0,23.0,1432.0,81.0,82916,2.0,82918,8.683504190530646,6.248210722163038
478,2018,1,Tierra Del Fuego,19372.0,9663.0,531.0,1.0,2047.0,31106,508.0,31614,19.33152333431171,5.768082036032884
479,2018,1,Tucumán,158611.0,8921.0,107.0,368.0,50.0,168026,31.0,168057,10.200177350055142,9.355631684806106
480,2017,4,Buenos Aires,1241172.0,1718013.0,131181.0,60082.0,31448.0,3171206,10690.0,3181896,18.61464924835486,12.9720825438982
481,2017,4,Capital Federal,571363.0,961688.0,36277.0,3119.0,9877.0,1575418,6906.0,1582324,51.6167209151056,15.20221886916041
482,2017,4,Catamarca,27083.0,263.0,11.0,1.0,2200.0,29548,10.0,29558,7.280600419229377,7.78415435139573
483,2017,4,Chaco,55035.0,39690.0,389.0,380.0,1121.0,96603,12.0,96615,8.234501979468078,11.702868121959405
484,2017,4,Chubut,56378.0,15097.0,1187.0,14070.0,6708.0,91012,2428.0,93440,15.77581593080522,5.408238076890145
485,2017,4,Córdoba,349710.0,324709.0,12778.0,12043.0,10739.0,709874,105.0,709979,19.390857786793124,11.63658470115664
486,2017,4,Corrientes,56786.0,34722.0,894.0,1334.0,35.0,93760,11.0,93771,8.562263620309615,10.384400430891969
487,2017,4,Entre Ríos,107764.0,73692.0,1894.0,10267.0,86.0,193654,49.0,193703,14.317635180183578,9.295960619999066
488,2017,4,Formosa,23410.0,6973.0,19.0,1603.0,51.0,32056,0.0,32056,5.414060072151437,10.114170463766309
489,2017,4,Jujuy,33844.0,9626.0,20.0,28.0,34.0,43551,1.0,43552,5.81583543877829,6.638821273566491
490,2017,4,La Pampa,10808.0,50495.0,8272.0,10569.0,1927.0,81675,396.0,82071,23.4099297739188,3.975819444981504
491,2017,4,La Rioja,16912.0,34984.0,14.0,253.0,31.0,52177,17.0,52194,13.727965660359493,5.877588849506658
492,2017,4,Mendoza,152896.0,16114.0,3015.0,6206.0,1920.0,178661,1490.0,180151,9.300280994440511,5.71002586675844
493,2017,4,Misiones,56271.0,47470.0,95.0,5.0,54.0,103895,0.0,103895,8.482789477895514,11.324123723249611
494,2017,4,Neuquén,46739.0,54119.0,1017.0,12404.0,2692.0,114965,2006.0,116971,18.2308851652642,10.719151524540267
495,2017,4,Río Negro,68690.0,30451.0,1250.0,4259.0,5114.0,108702,1062.0,109764,15.18781366272272,8.045522324672751
496,2017,4,Salta,80705.0,50446.0,127.0,158.0,1376.0,132811,1.0,132812,9.638816535753657,8.451742767775633
497,2017,4,San Juan,54079.0,451.0,812.0,2246.0,1036.0,57965,659.0,58624,7.718528602820455,5.832260073010133
498,2017,4,San Luis,11104.0,1119.0,335.0,17.0,2329.0,14604,300.0,14904,3.0299272402738,5.732208801354054
499,2017,4,Santa Cruz,18614.0,1668.0,582.0,4638.0,3950.0,29018,434.0,29452,8.603821648608145,5.206584828874508
500,2017,4,Santa Fe,341680.0,293831.0,10602.0,10965.0,15382.0,672137,323.0,672460,19.405680474329014,10.297494601847182
501,2017,4,Santiago Del Estero,27313.0,40407.0,19.0,1025.0,80.0,68842,2.0,68844,7.228687949666727,6.165600214985038
502,2017,4,Tierra Del Fuego,19372.0,6906.0,530.0,1.0,2045.0,28346,508.0,28854,17.758493353028065,5.203225704536838
503,2017,4,Tucumán,156583.0,5223.0,105.0,102.0,319.0,162298,34.0,162332,9.883286960651205,9.106021307187058
504,2017,3,Buenos Aires,1288025.0,1571180.0,124920.0,35058.0,38777.0,3046758,11202.0,3057960,17.935870973592106,8.425706211853651
505,2017,3,Capital Federal,583249.0,941092.0,33481.0,2814.0,9723.0,1563289,7070.0,1570359,51.2444496511116,10.635720274073307
506,2017,3,Catamarca,26873.0,4411.0,12.0,1.0,2181.0,33467,11.0,33478,8.265091234974188,5.260018066713561
507,2017,3,Chaco,54888.0,37307.0,456.0,36.0,1072.0,93747,12.0,93759,8.012103738024656,8.484871287555498
508,2017,3,Chubut,56359.0,5645.0,1217.0,13503.0,6820.0,81067,2477.0,83544,14.16737183585357,3.4783469156690874
509,2017,3,Córdoba,344580.0,319360.0,10579.0,7137.0,14988.0,696536,108.0,696644,19.076953915608296,9.11557287304998
510,2017,3,Corrientes,56247.0,33993.0,947.0,1334.0,27.0,92536,12.0,92548,8.470212670540503,7.447416428085263
511,2017,3,Entre Ríos,107774.0,69596.0,1786.0,6245.0,63.0,185414,50.0,185464,13.741494179292031,6.993400639349653
512,2017,3,Formosa,22647.0,6816.0,428.0,2202.0,12.0,32105,0.0,32105,5.43429504811395,7.06882153411281
513,2017,3,Jujuy,33796.0,9395.0,20.0,23.0,8.0,43241,1.0,43242,5.791142800512126,4.689006725369201
514,2017,3,La Pampa,11378.0,49679.0,5153.0,11536.0,1944.0,79280,410.0,79690,22.780807976856146,3.4381011143320657
515,2017,3,La Rioja,16638.0,34984.0,14.0,252.0,25.0,51896,17.0,51913,13.70065107981072,5.010090208766659
516,2017,3,Mendoza,154036.0,33788.0,2772.0,29.0,1866.0,190958,1533.0,192491,9.964323465862444,3.512962661663036
517,2017,3,Misiones,56472.0,43880.0,110.0,5.0,9.0,100476,0.0,100476,8.227833589371523,8.430383025286991
518,2017,3,Neuquén,48001.0,52468.0,1044.0,11576.0,2695.0,113755,2029.0,115784,18.10848135178631,8.16517738570226
519,2017,3,Río Negro,69301.0,30018.0,1106.0,3054.0,4017.0,106393,1103.0,107496,14.924361907723748,5.487278804673885
520,2017,3,Salta,80782.0,50284.0,127.0,158.0,1167.0,132517,1.0,132518,9.649427484390076,6.133146206896552
521,2017,3,San Juan,54499.0,5068.0,816.0,1053.0,1013.0,61789,660.0,62449,8.245115565495915,3.4497842064911834
522,2017,3,San Luis,11407.0,7576.0,347.0,26.0,2363.0,21408,311.0,21719,4.429809174940647,3.50338739319684
523,2017,3,Santa Cruz,19220.0,5487.0,1544.0,4552.0,2887.0,33222,468.0,33690,9.907366563740627,3.610470505758638
524,2017,3,Santa Fe,322953.0,290655.0,6338.0,4897.0,37499.0,662086,256.0,662342,19.15216489884956,7.792215148399743
525,2017,3,Santiago Del Estero,27733.0,54096.0,19.0,911.0,35.0,82792,2.0,82794,8.716515836151316,5.178558078335373
526,2017,3,Tierra Del Fuego,21587.0,7012.0,622.0,1.0,2244.0,30883,583.0,31466,19.49276439686788,3.475358271865121
527,2017,3,Tucumán,154130.0,6431.0,106.0,40.0,305.0,160979,33.0,161012,9.833448455500244,6.385176801555399
528,2017,2,Buenos Aires,1378549.0,1535037.0,119132.0,21555.0,24358.0,3067430,11201.0,3078631,18.104156481000476,7.198747751887984
529,2017,2,Capital Federal,615262.0,932466.0,38628.0,2819.0,11016.0,1592175,8016.0,1600191,52.236738675121046,8.843219830788254
530,2017,2,Catamarca,26401.0,255.0,14.0,1.0,34.0,26692,13.0,26705,6.608185687419579,5.102182825899711
531,2017,2,Chaco,54449.0,35613.0,458.0,52.0,39.0,90597,14.0,90611,7.763587198662014,7.689213433544128
532,2017,2,Chubut,43994.0,1067.0,916.0,13194.0,4804.0,62245,1730.0,63975,10.897114883440477,3.44726909222351
533,2017,2,Córdoba,341748.0,303488.0,4451.0,6446.0,1505.0,657505,133.0,657638,18.05661531060883,7.421321799076774
534,2017,2,Corrientes,55262.0,33192.0,258.0,1354.0,31.0,90085,12.0,90097,8.265165616133114,6.791580482607055
535,2017,2,Entre Ríos,108309.0,67650.0,254.0,6448.0,71.0,182675,57.0,182732,13.571663585663645,6.287810106292773
536,2017,2,Formosa,22493.0,6410.0,17.0,1023.0,13.0,29956,0.0,29956,5.081818706168551,6.1786533146404965
537,2017,2,Jujuy,33742.0,8858.0,22.0,0.0,35.0,42656,1.0,42657,5.729417105648426,4.541861878194008
538,2017,2,La Pampa,12754.0,48310.0,5194.0,6253.0,511.0,72573,449.0,73022,20.920811368324543,3.3182593614961053
539,2017,2,La Rioja,16244.0,0.0,15.0,2.0,28.0,16271,18.0,16289,4.313641371128342,5.53385510805501
540,2017,2,Mendoza,153331.0,13030.0,2581.0,27.0,1784.0,169302,1451.0,170753,8.863231962926129,3.507255863215121
541,2017,2,Misiones,56752.0,42925.0,103.0,5.0,9.0,99794,0.0,99794,8.196262181174568,7.604338490520663
542,2017,2,Neuquén,51794.0,50283.0,1133.0,11545.0,2678.0,115321,2112.0,117433,18.43063459528346,6.700610698446883
543,2017,2,Río Negro,67038.0,29147.0,961.0,3213.0,1260.0,100621,998.0,101619,14.1565144707972,4.741350857381452
544,2017,2,Salta,80184.0,27280.0,115.0,158.0,804.0,108540,1.0,108541,7.929941866624195,5.756213134839845
545,2017,2,San Juan,48670.0,451.0,772.0,1073.0,915.0,51261,620.0,51881,6.869062671706707,3.492033809523809
546,2017,2,San Luis,11432.0,1120.0,354.0,26.0,375.0,12992,315.0,13307,2.722999699195193,3.502824149975052
547,2017,2,Santa Cruz,15311.0,2722.0,1365.0,4735.0,2255.0,26019,369.0,26388,7.812000426302888,3.60311348968991
548,2017,2,Santa Fe,329813.0,228102.0,3234.0,4958.0,1173.0,566918,362.0,567280,16.436519275562326,6.838749250446204
549,2017,2,Santiago Del Estero,28337.0,3900.0,19.0,911.0,29.0,33194,2.0,33196,3.5041532386183105,5.05794740805446
550,2017,2,Tierra Del Fuego,22636.0,6905.0,665.0,1.0,2350.0,31938,619.0,32557,20.30130511507835,3.476761467376085
551,2017,2,Tucumán,149013.0,5223.0,116.0,14.0,45.0,154374,37.0,154411,9.459823731438563,6.093280445624717
552,2017,1,Buenos Aires,1559178.0,1465817.0,118839.0,21200.0,24342.0,3178174,11202.0,3189376,18.80485503101168,6.678482577091709
553,2017,1,Capital Federal,428801.0,918328.0,38259.0,2730.0,10928.0,1391030,8016.0,1399046,45.687714654171046,8.348147316695423
554,2017,1,Catamarca,26020.0,248.0,14.0,1.0,34.0,26304,13.0,26317,6.527341318167275,4.973784837545127
555,2017,1,Chaco,54430.0,34277.0,252.0,52.0,39.0,89036,14.0,89050,7.65022534015797,7.307905398272823
556,2017,1,Chubut,43994.0,999.0,916.0,13194.0,4793.0,62166,1730.0,63896,10.932503392025788,3.4433862008733622
557,2017,1,Córdoba,335673.0,293479.0,4871.0,5782.0,1394.0,641066,133.0,641199,17.652242570602198,6.799477637369997
558,2017,1,Corrientes,54993.0,31994.0,236.0,1354.0,31.0,88596,12.0,88608,8.147787146784857,6.43297127701597
559,2017,1,Entre Ríos,108509.0,65095.0,230.0,6448.0,71.0,180296,57.0,180353,13.427434245008817,5.9514745757075245
560,2017,1,Formosa,22438.0,6215.0,16.0,1023.0,13.0,29705,0.0,29705,5.050590921688212,5.742388931901572
561,2017,1,Jujuy,33869.0,9278.0,22.0,0.0,34.0,43202,1.0,43203,5.81976940765058,4.393861259634748
562,2017,1,La Pampa,12754.0,47195.0,5194.0,6253.0,517.0,71458,455.0,71913,20.64904971242997,3.2208135842183347
563,2017,1,La Rioja,16180.0,0.0,15.0,2.0,28.0,16207,18.0,16225,4.311444393660782,5.427180473372781
564,2017,1,Mendoza,153326.0,13030.0,2581.0,27.0,1769.0,169282,1451.0,170733,8.886706245725367,3.5072942051440963
565,2017,1,Misiones,57363.0,40142.0,101.0,5.0,8.0,97619,0.0,97619,8.041713210556319,7.341041988916319
566,2017,1,Neuquén,51771.0,48109.0,1124.0,11665.0,2670.0,113227,2112.0,115339,18.166254008454768,6.0348361444213925
567,2017,1,Río Negro,67075.0,28785.0,954.0,3213.0,1261.0,100288,1000.0,101288,14.158945655638249,4.449448877971685
568,2017,1,Salta,79837.0,26845.0,114.0,158.0,679.0,107632,1.0,107633,7.8901262912821775,5.335371217821875
569,2017,1,San Juan,48670.0,451.0,772.0,1073.0,907.0,51253,620.0,51873,6.887390312005832,3.492435161246428
570,2017,1,San Luis,11432.0,1120.0,354.0,26.0,375.0,12992,315.0,13307,2.7319835263877543,3.502824149975052
571,2017,1,Santa Cruz,15502.0,2722.0,1272.0,4733.0,2257.0,26116,370.0,26486,7.89382704275053,3.591930075636318
572,2017,1,Santa Fe,327458.0,226094.0,3210.0,4948.0,1172.0,562520,362.0,562882,16.34225474583628,6.284036486892411
573,2017,1,Santiago Del Estero,29616.0,3900.0,19.0,911.0,29.0,34473,2.0,34475,3.648850889800999,4.948965833284994
574,2017,1,Tierra Del Fuego,22636.0,6905.0,665.0,1.0,2350.0,31938,619.0,32557,20.43548670566672,3.476761467376085
575,2017,1,Tucumán,147373.0,5223.0,116.0,14.0,45.0,152734,37.0,152771,9.388852799951817,5.8755073256955805
576,2016,4,Buenos Aires,1563542.0,1414676.0,118747.0,21394.0,24342.0,3131499,11202.0,3142701,18.578640735833822,6.3515464502603125
577,2016,4,Capital Federal,434835.0,914952.0,38161.0,2583.0,10928.0,1393443,8016.0,1401459,45.78373827727234,7.957596242752894
578,2016,4,Catamarca,26735.0,250.0,14.0,1.0,34.0,27021,13.0,27034,6.720813040873304,4.885711305119858
579,2016,4,Chaco,54974.0,33534.0,248.0,52.0,39.0,88833,14.0,88847,7.653240095890541,7.077531005919823
580,2016,4,Chubut,43994.0,955.0,916.0,13107.0,4793.0,62035,1730.0,63765,10.959254911598952,3.407191291444817
581,2016,4,Córdoba,337368.0,289344.0,3368.0,5686.0,789.0,636422,133.0,636555,17.57129145976522,6.4667403639056085
582,2016,4,Corrientes,54981.0,31497.0,233.0,1354.0,31.0,88084,12.0,88096,8.119896031116928,6.236245604077509
583,2016,4,Entre Ríos,109359.0,64141.0,226.0,6448.0,71.0,180188,57.0,180245,13.451982739190726,5.807350829127614
584,2016,4,Formosa,22400.0,6061.0,16.0,1023.0,13.0,29513,0.0,29513,5.02928480990009,5.630674164916322
585,2016,4,Jujuy,33838.0,8731.0,22.0,0.0,34.0,42624,1.0,42625,5.758804384392255,4.323962745742035
586,2016,4,La Pampa,12754.0,47245.0,5054.0,6253.0,522.0,71368,460.0,71828,20.6707608364078,3.189559729749796
587,2016,4,La Rioja,16270.0,0.0,16.0,2.0,28.0,16298,18.0,16316,4.350562085368715,5.34376242721422
588,2016,4,Mendoza,153320.0,13030.0,2579.0,27.0,1769.0,169274,1451.0,170725,8.910941733480245,3.506603469745376
589,2016,4,Misiones,57983.0,39294.0,100.0,5.0,8.0,97390,0.0,97390,8.047024567428018,7.109475809101364
590,2016,4,Neuquén,51742.0,46389.0,1124.0,11910.0,2670.0,111723,2112.0,113835,17.993247493890816,5.678446306542373
591,2016,4,Río Negro,67057.0,28474.0,954.0,3274.0,1261.0,100020,1000.0,101020,14.170250609480686,4.369930463165329
592,2016,4,Salta,79389.0,26657.0,110.0,158.0,621.0,106934,1.0,106935,7.865487548426057,5.220883577846971
593,2016,4,San Juan,48670.0,451.0,772.0,1121.0,907.0,51301,620.0,51921,6.913287316652287,3.491135554044867
594,2016,4,San Luis,11432.0,1120.0,354.0,26.0,375.0,12992,315.0,13307,2.7410268293938924,3.502824149975052
595,2016,4,Santa Cruz,15607.0,2722.0,1055.0,4823.0,2257.0,26094,370.0,26464,7.940780215262837,3.5639164089588604
596,2016,4,Santa Fe,326721.0,225792.0,3201.0,4946.0,1172.0,561470,362.0,561832,16.345011971501133,6.040233328940666
597,2016,4,Santiago Del Estero,30192.0,3900.0,19.0,911.0,29.0,35049,2.0,35051,3.719720429331573,4.866794431448622
598,2016,4,Tierra Del Fuego,22636.0,6905.0,665.0,1.0,2350.0,31938,619.0,32557,20.57132386392357,3.476761467376085
599,2016,4,Tucumán,146995.0,4482.0,116.0,14.0,45.0,151615,37.0,151652,9.349553397483636,5.7277669342021085
600,2016,3,Buenos Aires,1574216.0,1355770.0,113463.0,18867.0,24276.0,3075387,11205.0,3086592,18.295308597951934,5.914918008163684
601,2016,3,Capital Federal,447726.0,905105.0,36796.0,2514.0,10963.0,1395053,8051.0,1403104,45.85472026772204,7.380172699207805
602,2016,3,Catamarca,26689.0,248.0,14.0,1.0,18.0,26957,13.0,26970,6.72059087375157,4.725241179958494
603,2016,3,Chaco,56251.0,32730.0,232.0,2.0,15.0,89216,14.0,89230,7.706877803276395,6.718220363245951
604,2016,3,Chubut,43987.0,935.0,916.0,13364.0,4750.0,62222,1730.0,63952,11.041169584989312,3.343866327984636
605,2016,3,Córdoba,348481.0,285480.0,2540.0,5695.0,395.0,642458,133.0,642591,17.78550480431242,6.068526923518407
606,2016,3,Corrientes,55934.0,30813.0,217.0,1354.0,22.0,88328,12.0,88340,8.161726730902307,5.958192561066714
607,2016,3,Entre Ríos,112588.0,61850.0,206.0,6441.0,64.0,181092,57.0,181149,13.552371996148606,5.586427488329489
608,2016,3,Formosa,21800.0,5905.0,9.0,0.0,2.0,27716,0.0,27716,4.733748023050463,5.416131006999096
609,2016,3,Jujuy,34250.0,8236.0,22.0,0.0,30.0,42537,1.0,42538,5.76400350138348,4.215291130909006
610,2016,3,La Pampa,12751.0,45952.0,4910.0,6236.0,515.0,69903,461.0,70364,20.294829381412075,3.144998426188228
611,2016,3,La Rioja,16891.0,0.0,15.0,2.0,22.0,16912,18.0,16930,4.529887087279927,5.076731739002066
612,2016,3,Mendoza,153233.0,13030.0,2576.0,28.0,1757.0,169174,1450.0,170624,8.930444449562124,3.50729080145311
613,2016,3,Misiones,59776.0,38130.0,79.0,5.0,7.0,97997,0.0,97997,8.121652823521027,6.741222269842242
614,2016,3,Neuquén,51752.0,44739.0,1093.0,12402.0,2617.0,110491,2112.0,112603,17.862151015228427,5.292166864731292
615,2016,3,Río Negro,67043.0,28496.0,942.0,3293.0,1252.0,100024,1002.0,101026,14.220201565227184,4.162924282482748
616,2016,3,Salta,80866.0,26113.0,90.0,157.0,565.0,107790,1.0,107791,7.955372391224448,5.052874436550483
617,2016,3,San Juan,48670.0,451.0,770.0,1174.0,903.0,51348,620.0,51968,6.939188629814689,3.4890674462877342
618,2016,3,San Luis,11432.0,1113.0,354.0,23.0,371.0,12978,315.0,13293,2.7472425273887247,3.5030237740401677
619,2016,3,Santa Cruz,15570.0,2722.0,817.0,4978.0,2170.0,25886,371.0,26257,7.932484607529773,3.53583356483625
620,2016,3,Santa Fe,334911.0,223011.0,3037.0,4862.0,1190.0,566625,386.0,567011,16.529361932364445,5.6772637615647845
621,2016,3,Santiago Del Estero,31730.0,3900.0,19.0,3.0,8.0,35658,2.0,35660,3.794480871177055,4.670123087013555
622,2016,3,Tierra Del Fuego,22636.0,6276.0,665.0,1.0,2347.0,31306,619.0,31925,20.307103192524696,3.47654537746248
623,2016,3,Tucumán,147259.0,3850.0,116.0,53.0,41.0,151282,37.0,151319,9.35861636036972,5.544683260191403
624,2016,2,Buenos Aires,1579448.0,1305949.0,113070.0,21163.0,25661.0,3032776,12515.0,3045291,18.09868456828956,5.415144367004824
625,2016,2,Capital Federal,450644.0,892209.0,36669.0,2390.0,12672.0,1384824,9760.0,1394584,45.59375712104128,6.576218932459292
626,2016,2,Catamarca,26262.0,245.0,14.0,1.0,34.0,26543,13.0,26556,6.632980570132604,4.3648359645166135
627,2016,2,Chaco,56112.0,31825.0,221.0,52.0,41.0,88235,16.0,88251,7.642896733294073,6.297357510958081
628,2016,2,Chubut,43977.0,867.0,916.0,13293.0,4803.0,62116,1740.0,63856,11.074824787933132,3.335973498985547
629,2016,2,Córdoba,348891.0,277615.0,1709.0,5610.0,1089.0,634680,234.0,634914,17.620348014320207,5.516912823002807
630,2016,2,Corrientes,55511.0,29845.0,203.0,1354.0,43.0,86932,24.0,86956,8.053039893831306,5.601822569524247
631,2016,2,Entre Ríos,112809.0,58768.0,169.0,6434.0,193.0,178194,179.0,178373,13.377306134693264,5.131142783301248
632,2016,2,Formosa,22101.0,5658.0,6.0,1023.0,14.0,28801,1.0,28802,4.930439412017454,5.104132195866278
633,2016,2,Jujuy,33758.0,7374.0,22.0,0.0,35.0,41187,2.0,41189,5.597761384701527,3.843353043958065
634,2016,2,La Pampa,12754.0,44654.0,4708.0,6225.0,547.0,68403,485.0,68888,19.91385540427254,3.146067806525381
635,2016,2,La Rioja,16691.0,0.0,15.0,2.0,28.0,16718,18.0,16736,4.4934890589340855,4.773843067001075
636,2016,2,Mendoza,153321.0,13030.0,2576.0,29.0,1868.0,169274,1550.0,170824,8.96594364845842,3.500168567871608
637,2016,2,Misiones,59573.0,36145.0,77.0,5.0,15.0,95808,7.0,95815,7.964976216879448,6.233660566754793
638,2016,2,Neuquén,51742.0,42370.0,1088.0,12466.0,2849.0,108224,2291.0,110515,17.594175765043765,4.86640695565863
639,2016,2,Río Negro,67031.0,28100.0,939.0,3300.0,1334.0,99631,1073.0,100704,14.224291356155328,3.976616411905147
640,2016,2,Salta,79438.0,24719.0,85.0,151.0,539.0,104929,3.0,104932,7.770812428027119,4.749378935322928
641,2016,2,San Juan,48670.0,451.0,770.0,1214.0,908.0,51392,621.0,52013,6.964997582946448,3.4883718294284334
642,2016,2,San Luis,11432.0,1063.0,354.0,30.0,377.0,12939,317.0,13256,2.7487304539676813,3.501983369175627
643,2016,2,Santa Cruz,15453.0,2722.0,396.0,4996.0,2586.0,25797,356.0,26153,7.955357767523354,3.5021150276004565
644,2016,2,Santa Fe,336244.0,219088.0,2981.0,4744.0,1417.0,563867,607.0,564474,16.489119309020037,5.1385985309185065
645,2016,2,Santiago Del Estero,32101.0,3900.0,19.0,911.0,30.0,36958,3.0,36961,3.943453095409565,4.309815179590645
646,2016,2,Tierra Del Fuego,22636.0,5707.0,665.0,1.0,2350.0,30740,619.0,31359,20.081326844262296,3.478692463211772
647,2016,2,Tucumán,145486.0,2968.0,116.0,58.0,49.0,148636,41.0,148677,9.22451233434258,5.200979761760874
648,2016,1,Buenos Aires,1583560.0,1200859.0,111231.0,21108.0,25757.0,2929903,12612.0,2942515,17.53507921643952,4.9921684374839135
649,2016,1,Capital Federal,454425.0,832126.0,36332.0,2284.0,12729.0,1328079,9817.0,1337896,43.75778412718348,6.047403702811701
650,2016,1,Catamarca,26096.0,243.0,15.0,1.0,34.0,26376,13.0,26389,6.606879526910472,4.203588449295134
651,2016,1,Chaco,56353.0,29994.0,211.0,52.0,41.0,86635,16.0,86651,7.524734075579937,5.991472683208309
652,2016,1,Chubut,43967.0,834.0,916.0,13280.0,4803.0,62060,1740.0,63800,11.115931499378869,3.3796639330714164
653,2016,1,Córdoba,350884.0,252346.0,674.0,5636.0,386.0,609692,234.0,609926,16.972666239608547,5.156801617049669
654,2016,1,Corrientes,55454.0,28491.0,192.0,1354.0,45.0,85510,26.0,85536,7.940601449315725,5.37127911707625
655,2016,1,Entre Ríos,113101.0,54948.0,146.0,6425.0,193.0,174634,179.0,174813,13.142540095674788,5.084574905605243
656,2016,1,Formosa,21852.0,5420.0,5.0,1023.0,14.0,28313,1.0,28314,4.858053690123639,4.872333380420963
657,2016,1,Jujuy,33481.0,6751.0,22.0,0.0,35.0,40287,2.0,40289,5.491800261988138,3.7712213425983374
658,2016,1,La Pampa,12754.0,41881.0,4536.0,6209.0,549.0,65442,487.0,65929,19.101771424266836,3.04764203627926
659,2016,1,La Rioja,16645.0,0.0,16.0,2.0,28.0,16673,18.0,16691,4.4969582015400285,4.616973938050446
660,2016,1,Mendoza,153299.0,13030.0,2576.0,34.0,1871.0,169257,1553.0,170810,8.990567825336337,3.5028689229788785
661,2016,1,Misiones,59538.0,33330.0,70.0,5.0,15.0,92951,7.0,92958,7.751215322654614,6.000968717380309
662,2016,1,Neuquén,51702.0,36122.0,1085.0,12502.0,2850.0,101969,2292.0,104261,16.65921009321782,4.420493149015266
663,2016,1,Río Negro,66894.0,27312.0,937.0,3341.0,1338.0,98745,1077.0,99822,14.14929460475045,3.826659196828916
664,2016,1,Salta,78973.0,22741.0,73.0,132.0,507.0,102423,3.0,102426,7.611315093107192,4.741858784571524
665,2016,1,San Juan,48670.0,451.0,770.0,1195.0,908.0,51373,621.0,51994,6.982387580659241,3.485523490760477
666,2016,1,San Luis,11432.0,1042.0,354.0,27.0,377.0,12915,317.0,13232,2.752950183918377,3.5029004392386534
667,2016,1,Santa Cruz,15654.0,2723.0,396.0,5088.0,2426.0,25931,356.0,26287,8.051419802811122,3.48315808971074
668,2016,1,Santa Fe,338052.0,204816.0,3014.0,4686.0,1428.0,551378,618.0,551996,16.157804349232396,4.898136028952046
669,2016,1,Santiago Del Estero,32838.0,3900.0,19.0,911.0,30.0,37695,3.0,37698,4.032855070541266,4.174011564306923
670,2016,1,Tierra Del Fuego,22636.0,4834.0,665.0,1.0,2350.0,29867,619.0,30486,19.6541853628346,3.475082632716791
671,2016,1,Tucumán,144233.0,2165.0,116.0,74.0,49.0,146596,41.0,146637,9.127106142747772,5.004036640679885
672,2015,4,Buenos Aires,1586343.0,1223603.0,103269.0,20397.0,25773.0,2946743,12642.0,2959385,17.683348856285942,4.884148905856541
673,2015,4,Capital Federal,455427.0,879950.0,19818.0,2273.0,12758.0,1360381,9845.0,1370226,44.832983780989366,5.927803522979041
674,2015,4,Catamarca,26180.0,242.0,15.0,1.0,34.0,26459,13.0,26472,6.643394374998431,4.124268369158702
675,2015,4,Chaco,56818.0,29456.0,186.0,52.0,41.0,86537,16.0,86553,7.53670916277073,5.828384180790961
676,2015,4,Chubut,43968.0,811.0,916.0,13521.0,4803.0,62279,1740.0,64019,11.205552103480567,3.283865031613298
677,2015,4,Córdoba,353530.0,266062.0,480.0,5613.0,385.0,625835,235.0,626070,17.46916799414709,5.067081493268407
678,2015,4,Corrientes,55681.0,28178.0,177.0,1354.0,45.0,85409,26.0,85435,7.950363156694786,5.259482120492081
679,2015,4,Entre Ríos,113983.0,53411.0,122.0,6427.0,194.0,173957,180.0,174137,13.123962308090588,5.007855905299356
680,2015,4,Formosa,21734.0,5314.0,4.0,1023.0,14.0,28088,1.0,28089,4.830563127165791,4.660308568580684
681,2015,4,Jujuy,32934.0,6933.0,22.0,0.0,35.0,39922,2.0,39924,5.458341251601313,3.7246804758922982
682,2015,4,La Pampa,12755.0,42705.0,4327.0,6205.0,374.0,66054,312.0,66366,19.272161272149656,2.936747707229629
683,2015,4,La Rioja,16886.0,0.0,16.0,2.0,28.0,16914,18.0,16932,4.577775134234902,4.521671863926294
684,2015,4,Mendoza,153293.0,13030.0,2572.0,38.0,1874.0,169251,1556.0,170807,9.015907568565332,3.5017779300891023
685,2015,4,Misiones,60252.0,32533.0,48.0,5.0,15.0,92846,7.0,92853,7.766317103077486,5.9022914436487
686,2015,4,Neuquén,51680.0,38902.0,1048.0,12934.0,2852.0,105122,2294.0,107416,17.22630452981118,4.355592861552936
687,2015,4,Río Negro,66851.0,27221.0,915.0,3407.0,1328.0,98655,1067.0,99722,14.185024658290292,3.768932299598505
688,2015,4,Salta,78744.0,22446.0,47.0,129.0,554.0,101917,3.0,101920,7.599850568087338,4.673467038141578
689,2015,4,San Juan,48670.0,451.0,770.0,1230.0,908.0,51408,621.0,52029,7.007150043164227,3.481604116955732
690,2015,4,San Luis,11432.0,1025.0,354.0,30.0,377.0,12901,317.0,13218,2.759291577250979,3.502937425860024
691,2015,4,Santa Cruz,15614.0,2723.0,396.0,5261.0,2409.0,26047,356.0,26403,8.143243109871943,3.4809679619106126
692,2015,4,Santa Fe,339843.0,212911.0,2885.0,4596.0,1437.0,561045,627.0,561672,16.474943169318767,4.809873774553555
693,2015,4,Santiago Del Estero,33582.0,4365.0,19.0,1139.0,30.0,39132,3.0,39135,4.197822731421939,4.094101691450764
694,2015,4,Tierra Del Fuego,22636.0,4301.0,665.0,1.0,2350.0,29334,619.0,29953,19.441920240938828,3.4748248642417257
695,2015,4,Tucumán,144188.0,1653.0,116.0,88.0,50.0,146053,42.0,146095,9.122607419100431,4.882297946330778
696,2015,3,Buenos Aires,1585467.0,1183894.0,113590.0,19989.0,25825.0,2916070,12695.0,2928765,17.5478839831824,4.700597914270459
697,2015,3,Capital Federal,454815.0,871262.0,30974.0,2229.0,12788.0,1362193,9875.0,1372068,44.91109222814752,5.66468043459464
698,2015,3,Catamarca,25801.0,242.0,15.0,1.0,34.0,26080,13.0,26093,6.5638473961451576,3.884563872599747
699,2015,3,Chaco,56282.0,28809.0,186.0,52.0,41.0,85354,16.0,85370,7.454020298824401,5.46643296553986
700,2015,3,Chubut,43964.0,792.0,916.0,13408.0,4803.0,62143,1740.0,63883,11.233578169758337,3.2790384114749496
701,2015,3,Córdoba,351692.0,264055.0,1450.0,5412.0,389.0,622761,237.0,622998,17.430734989025318,4.867849001225086
702,2015,3,Corrientes,55792.0,27604.0,176.0,1340.0,47.0,84931,28.0,84959,7.925191135920119,5.063473816782213
703,2015,3,Entre Ríos,113909.0,51945.0,122.0,6261.0,197.0,172252,182.0,172434,13.027710914374044,4.766712366729086
704,2015,3,Formosa,21573.0,5264.0,2.0,899.0,14.0,27751,1.0,27752,4.783639923880968,4.166164102194515
705,2015,3,Jujuy,32598.0,6895.0,22.0,0.0,35.0,39548,2.0,39550,5.423454555427568,3.532724551201011
706,2015,3,La Pampa,12755.0,41886.0,4078.0,6195.0,557.0,64976,495.0,65471,19.055588379965016,2.9149322141427945
707,2015,3,La Rioja,16725.0,0.0,16.0,2.0,28.0,16753,18.0,16771,4.550079085806065,4.245850575398008
708,2015,3,Mendoza,153299.0,13030.0,2572.0,42.0,1880.0,169261,1562.0,170823,9.042401990754488,3.500160951021911
709,2015,3,Misiones,59921.0,31635.0,46.0,5.0,15.0,91615,7.0,91622,7.687041384274881,5.634289050903693
710,2015,3,Neuquén,47102.0,36620.0,1045.0,13051.0,2798.0,98376,2240.0,100616,16.195213031371225,4.2299439848957405
711,2015,3,Río Negro,66806.0,27130.0,917.0,3415.0,1346.0,98529,1085.0,99614,14.21984560217436,3.7368314562024914
712,2015,3,Salta,78064.0,21688.0,47.0,129.0,645.0,100570,3.0,100573,7.525378783060509,4.4218314129775615
713,2015,3,San Juan,48670.0,451.0,770.0,1231.0,908.0,51409,621.0,52030,7.027462887351242,3.4810928203738825
714,2015,3,San Luis,11432.0,1025.0,354.0,31.0,377.0,12902,317.0,13219,2.7688118552652248,3.502753871598256
715,2015,3,Santa Cruz,15540.0,2718.0,396.0,5226.0,2391.0,25912,359.0,26271,8.159354482038923,3.4806877443585877
716,2015,3,Santa Fe,337042.0,209673.0,4169.0,4426.0,1428.0,556097,641.0,556738,16.3639671637834,4.559895452402629
717,2015,3,Santiago Del Estero,33886.0,4365.0,19.0,1097.0,30.0,39394,3.0,39397,4.237302719178804,3.911237321691457
718,2015,3,Tierra Del Fuego,22636.0,8085.0,665.0,1.0,2350.0,33118,619.0,33737,22.04802112197417,3.477721056932716
719,2015,3,Tucumán,142925.0,1135.0,116.0,88.0,50.0,144272,42.0,144314,9.04046893117945,4.572318667230303
720,2015,2,Buenos Aires,1581770.0,1141052.0,115660.0,19268.0,26040.0,2871079,12711.0,2883790,17.32566254457297,4.463495663548014
721,2015,2,Capital Federal,453178.0,858342.0,19786.0,2172.0,12806.0,1336391,9893.0,1346284,44.08485428379352,5.31214873823781
722,2015,2,Catamarca,25387.0,242.0,15.0,1.0,34.0,25666,13.0,25679,6.475144864314208,3.6825082950385535
723,2015,2,Chaco,55767.0,27809.0,179.0,52.0,41.0,83832,16.0,83848,7.341229538625331,5.194771414259476
724,2015,2,Chubut,43949.0,762.0,916.0,13055.0,4803.0,61745,1740.0,63485,11.21567809935022,3.216571647485116
725,2015,2,Córdoba,348130.0,255596.0,435.0,5199.0,386.0,609510,236.0,609746,17.106520102782877,4.557937666200854
726,2015,2,Corrientes,55238.0,26553.0,157.0,1321.0,47.0,83288,28.0,83316,7.790823368355694,4.847197637993736
727,2015,2,Entre Ríos,113378.0,49767.0,119.0,6031.0,197.0,169309,183.0,169492,12.837181261223597,4.55056996750087
728,2015,2,Formosa,21097.0,5164.0,2.0,737.0,50.0,27013,37.0,27050,4.673478484721786,3.7649156840276494
729,2015,2,Jujuy,32183.0,5482.0,22.0,0.0,35.0,37720,2.0,37722,5.188392481356063,3.4086788431460917
730,2015,2,La Pampa,12756.0,40825.0,3719.0,6190.0,562.0,63552,500.0,64052,18.685329046975877,2.8626566401062417
731,2015,2,La Rioja,16463.0,0.0,16.0,2.0,28.0,16491,18.0,16509,4.494678751214943,4.001551396208129
732,2015,2,Mendoza,153301.0,13030.0,2572.0,38.0,1882.0,169259,1564.0,170823,9.0682944930269,3.4997241088624933
733,2015,2,Misiones,59179.0,29283.0,37.0,5.0,15.0,88512,7.0,88519,7.449815014930095,5.327562649676923
734,2015,2,Neuquén,47078.0,34183.0,1044.0,12781.0,2799.0,95644,2241.0,97885,15.814175161962616,4.059617737533036
735,2015,2,Río Negro,66738.0,26268.0,916.0,3457.0,1348.0,97640,1087.0,98727,14.14343856592951,3.666734448621427
736,2015,2,Salta,77214.0,20297.0,47.0,129.0,580.0,98264,3.0,98267,7.378443804380798,4.218121645686839
737,2015,2,San Juan,48670.0,451.0,770.0,1189.0,908.0,51367,621.0,51988,7.042097078751527,3.478919289066708
738,2015,2,San Luis,11432.0,1025.0,354.0,33.0,377.0,12904,317.0,13221,2.778618445940834,3.5027709531013613
739,2015,2,Santa Cruz,15343.0,2707.0,396.0,4917.0,2400.0,25384,379.0,25763,8.058063850217536,3.47332349743749
740,2015,2,Santa Fe,333117.0,204685.0,2877.0,4320.0,1389.0,545739,649.0,546388,16.093025858679276,4.303196181656382
741,2015,2,Santiago Del Estero,33873.0,4365.0,19.0,1091.0,30.0,39375,3.0,39378,4.2466687085071415,3.728811295360471
742,2015,2,Tierra Del Fuego,22636.0,7927.0,665.0,1.0,2350.0,32960,619.0,33579,22.09595378004725,3.47751587628866
743,2015,2,Tucumán,139944.0,479.0,116.0,88.0,50.0,140635,42.0,140677,8.841187690702666,4.306812767469965
744,2015,1,Buenos Aires,1583135.0,1096836.0,134177.0,18754.0,28940.0,2847076,14766.0,2861842,17.241393436944044,4.323803709346771
745,2015,1,Capital Federal,454934.0,841743.0,19334.0,1994.0,14716.0,1321139,11582.0,1332721,43.65872499007399,4.999711683876372
746,2015,1,Catamarca,25033.0,241.0,16.0,1.0,41.0,25312,20.0,25332,6.403016990794336,3.483603660962992
747,2015,1,Chaco,54952.0,26161.0,164.0,27.0,56.0,81329,31.0,81360,7.143089175357747,4.899908797030372
748,2015,1,Chubut,45645.0,717.0,906.0,12540.0,5465.0,63327,1946.0,65273,11.585798774556787,3.213156577759796
749,2015,1,Córdoba,343883.0,247564.0,415.0,4645.0,450.0,596663,294.0,596957,16.79362190248589,4.304279282006848
750,2015,1,Corrientes,54649.0,25372.0,129.0,1319.0,62.0,81488,43.0,81531,7.642568763996284,4.628190221393157
751,2015,1,Entre Ríos,112363.0,47411.0,108.0,5943.0,245.0,165839,231.0,166070,12.609336086982932,4.3467465057866335
752,2015,1,Formosa,21022.0,4951.0,1.0,670.0,56.0,26657,43.0,26700,4.62384901660949,3.3811501123595504
753,2015,1,Jujuy,31505.0,5048.0,22.0,0.0,36.0,36608,3.0,36611,5.050879913471037,3.241902108598274
754,2015,1,La Pampa,13143.0,39571.0,3215.0,6164.0,604.0,62155,542.0,62697,18.33234893363197,2.8340995102178685
755,2015,1,La Rioja,16282.0,0.0,16.0,2.0,33.0,16310,23.0,16333,4.462324463144091,3.780402106036489
756,2015,1,Mendoza,152433.0,13030.0,2542.0,29.0,2126.0,168355,1805.0,170160,9.059236417534116,3.499130670898351
757,2015,1,Misiones,58262.0,26836.0,30.0,5.0,13.0,85139,7.0,85146,7.1884830279667495,4.973004251321198
758,2015,1,Neuquén,47518.0,32152.0,1024.0,12088.0,2960.0,93373,2369.0,95742,15.526250068921229,3.911491638198585
759,2015,1,Río Negro,66274.0,25217.0,907.0,3473.0,1462.0,96145,1188.0,97333,13.99387526238606,3.585297088257377
760,2015,1,Salta,76280.0,19781.0,47.0,129.0,574.0,96793,18.0,96811,7.294642964784741,4.022777936163619
761,2015,1,San Juan,48441.0,451.0,755.0,1165.0,1007.0,51117,702.0,51819,7.039582453142129,3.4769891700932414
762,2015,1,San Luis,11414.0,1025.0,351.0,30.0,412.0,12878,354.0,13232,2.790401457622043,3.5009942704654264
763,2015,1,Santa Cruz,16215.0,2700.0,392.0,4772.0,2562.0,26217,424.0,26641,8.391896957421542,3.474217030667377
764,2015,1,Santa Fe,328809.0,199037.0,2845.0,4239.0,1507.0,535640,797.0,536437,15.832773292036377,4.063283068408137
765,2015,1,Santiago Del Estero,33813.0,4365.0,19.0,1020.0,35.0,39244,8.0,39252,4.244468954778434,3.571104125126239
766,2015,1,Tierra Del Fuego,22291.0,7924.0,657.0,1.0,2583.0,32726,730.0,33456,22.16715476458662,3.453878085751408
767,2015,1,Tucumán,137857.0,115.0,116.0,88.0,100.0,138184,92.0,138276,8.71860866450986,4.071078040242438
768,2014,4,Buenos Aires,1575978.0,1070135.0,120528.0,17728.0,32038.0,2801178,15229.0,2816407,17.0147634301905,4.198943508236657
769,2014,4,Capital Federal,455785.0,840224.0,17155.0,1962.0,15394.0,1318526,11994.0,1330520,43.604620676636536,4.7817877112755625
770,2014,4,Catamarca,25192.0,241.0,16.0,0.0,44.0,25472,21.0,25493,6.459254980059493,3.336005334797788
771,2014,4,Chaco,55024.0,10918.0,31.0,0.0,62.0,65998,37.0,66035,5.81368220415458,3.977400363306085
772,2014,4,Chubut,48539.0,697.0,891.0,12256.0,6159.0,66557,1985.0,68542,12.22355578461917,3.174649158131256
773,2014,4,Córdoba,345157.0,240452.0,419.0,3918.0,486.0,590113,319.0,590432,16.655707331301695,4.092903062184572
774,2014,4,Corrientes,54754.0,9526.0,40.0,1315.0,75.0,65656,54.0,65710,6.174655065970425,3.806112311672501
775,2014,4,Entre Ríos,112291.0,23027.0,57.0,5178.0,260.0,140567,246.0,140813,10.718328095183365,3.800051787110069
776,2014,4,Formosa,21245.0,4896.0,1.0,0.0,65.0,26156,51.0,26207,4.549162969289201,3.023326617826618
777,2014,4,Jujuy,31349.0,4583.0,22.0,37.0,11.0,35999,3.0,36002,4.982003512117359,3.127642108190794
778,2014,4,La Pampa,16043.0,34281.0,514.0,5894.0,648.0,56813,567.0,57380,16.816524623987434,2.754208730637699
779,2014,4,La Rioja,16352.0,0.0,17.0,0.0,33.0,16379,23.0,16402,4.496901902725229,3.582023899524448
780,2014,4,Mendoza,151797.0,13030.0,2534.0,31.0,2222.0,167766,1848.0,169614,9.056377705209336,3.498767768599914
781,2014,4,Misiones,58435.0,18613.0,16.0,150.0,15.0,77222,7.0,77229,6.540662222041546,4.025619961413459
782,2014,4,Neuquén,47721.0,31778.0,1014.0,11853.0,3030.0,92999,2397.0,95396,15.52866412077054,3.850772582597391
783,2014,4,Río Negro,66307.0,23703.0,901.0,3819.0,1530.0,95050,1210.0,96260,13.88953018584786,3.543129254254254
784,2014,4,Salta,76026.0,17289.0,48.0,6.0,578.0,93921,26.0,93947,7.103785883014793,3.862259431502549
785,2014,4,San Juan,48653.0,451.0,740.0,1202.0,1073.0,51390,729.0,52119,7.100961754619733,3.4752201692281126
786,2014,4,San Luis,11419.0,926.0,355.0,24.0,423.0,12788,359.0,13147,2.781956955527201,3.503621206358865
787,2014,4,Santa Cruz,17553.0,448.0,388.0,4395.0,2929.0,25277,436.0,25713,8.15757414246012,3.3330261837139634
788,2014,4,Santa Fe,335267.0,183009.0,3205.0,6282.0,1634.0,528459,938.0,529397,15.657532856900756,3.780707860716513
789,2014,4,Santiago Del Estero,34110.0,4231.0,19.0,920.0,37.0,39308,9.0,39317,4.26296198713424,3.4582244726597287
790,2014,4,Tierra Del Fuego,21948.0,3664.0,655.0,1.0,2722.0,28249,741.0,28990,19.341882280727507,3.4747244698924056
791,2014,4,Tucumán,137093.0,97.0,116.0,13.0,105.0,137329,95.0,137424,8.693215352295233,3.860612310244953
792,2014,3,Buenos Aires,1562533.0,1110628.0,124474.0,20049.0,31881.0,2835537,14028.0,2849565,17.26299843234104,3.969046991173242
793,2014,3,Capital Federal,450155.0,833402.0,17886.0,1995.0,14387.0,1307195,10630.0,1317825,43.20639959292724,4.437380943390075
794,2014,3,Catamarca,24380.0,244.0,15.0,0.0,47.0,24665,21.0,24686,6.269890252791938,2.915176175040519
795,2014,3,Chaco,53321.0,10336.0,29.0,1.0,59.0,63710,36.0,63746,5.627757222300207,3.461947812450996
796,2014,3,Chubut,49219.0,668.0,882.0,11853.0,6515.0,67130,2007.0,69137,12.388234071451354,3.165741790763976
797,2014,3,Córdoba,340212.0,240334.0,444.0,4064.0,377.0,585231,200.0,585431,16.5601374978714,3.6600622495599104
798,2014,3,Corrientes,52957.0,9184.0,31.0,1312.0,65.0,63516,33.0,63549,5.9862826719116935,3.410927776641118
799,2014,3,Entre Ríos,108907.0,22440.0,48.0,5203.0,135.0,136618,115.0,136733,10.433826435850124,3.3996079417526825
800,2014,3,Formosa,21021.0,4836.0,0.0,0.0,80.0,25873,64.0,25937,4.5129252671268265,2.656283015230384
801,2014,3,Jujuy,30128.0,3541.0,22.0,37.0,13.0,33739,2.0,33741,4.68339443034039,2.9307053902518616
802,2014,3,La Pampa,16051.0,33940.0,538.0,11219.0,677.0,61861,564.0,62425,18.33753400191527,2.816519545748315
803,2014,3,La Rioja,15864.0,0.0,14.0,1.0,37.0,15893,23.0,15916,4.379035874747908,3.095178784641488
804,2014,3,Mendoza,150120.0,13030.0,2512.0,40.0,2222.0,166184,1740.0,167924,8.992236937014606,3.5028531768490665
805,2014,3,Misiones,56933.0,18373.0,4.0,3.0,14.0,75327,0.0,75327,6.399773666851879,3.5775238575714927
806,2014,3,Neuquén,54458.0,30964.0,1000.0,12858.0,3087.0,100099,2268.0,102367,16.726688649309313,3.7429104879160966
807,2014,3,Río Negro,65264.0,26590.0,888.0,3533.0,1505.0,96629,1151.0,97780,14.159932806209634,3.4799791702900404
808,2014,3,Salta,73828.0,18394.0,43.0,109.0,580.0,92929,25.0,92954,7.053549273694012,3.4109103624880306
809,2014,3,San Juan,48272.0,451.0,731.0,1199.0,1126.0,51031,748.0,51779,7.0752480415613945,3.473725985590389
810,2014,3,San Luis,11303.0,925.0,355.0,25.0,438.0,12683,363.0,13046,2.770051341285783,3.503113190184049
811,2014,3,Santa Cruz,17862.0,492.0,385.0,4273.0,3098.0,25664,446.0,26110,8.34323913237982,3.3073222601557406
812,2014,3,Santa Fe,325577.0,183630.0,4407.0,6540.0,733.0,520196,691.0,520887,15.43798865461788,3.375592912249111
813,2014,3,Santiago Del Estero,32820.0,3900.0,19.0,768.0,41.0,37539,9.0,37548,4.082169590293595,3.0995465103889184
814,2014,3,Tierra Del Fuego,21840.0,3469.0,650.0,1.0,2832.0,28037,755.0,28792,19.344392262780588,3.470981711419659
815,2014,3,Tucumán,131739.0,97.0,117.0,13.0,100.0,131978,88.0,132066,8.381678430058432,3.349897526769352
816,2014,2,Buenos Aires,1568881.0,1025490.0,120008.0,17020.0,33147.0,2750430,14116.0,2764546,16.794925434991658,3.851862760043666
817,2014,2,Capital Federal,447637.0,828411.0,17729.0,1883.0,14555.0,1299502,10713.0,1310215,42.974776961427445,4.249991223638481
818,2014,2,Catamarca,24380.0,243.0,17.0,0.0,43.0,24660,23.0,24683,6.284355435383139,2.915358424826804
819,2014,2,Chaco,53321.0,9870.0,30.0,0.0,58.0,63243,36.0,63279,5.602127567276613,3.4206301023632
820,2014,2,Chubut,51070.0,649.0,866.0,10960.0,6974.0,68503,2016.0,70519,12.696289361395674,3.156405252857589
821,2014,2,Córdoba,337825.0,234729.0,351.0,3673.0,374.0,576747,205.0,576952,16.365408420405306,3.5567859606832632
822,2014,2,Corrientes,52883.0,8680.0,31.0,1309.0,55.0,62925,33.0,62958,5.945267054468535,3.3669705989802563
823,2014,2,Entre Ríos,108900.0,21706.0,49.0,4795.0,133.0,135468,115.0,135583,10.372072065869386,3.312400309974538
824,2014,2,Formosa,20894.0,4628.0,0.0,0.0,78.0,25535,65.0,25600,4.464869672895974,2.6523512500000006
825,2014,2,Jujuy,30128.0,4161.0,23.0,40.0,9.0,34359,2.0,34361,4.784095434078587,2.7690316794782204
826,2014,2,La Pampa,15957.0,32600.0,513.0,5869.0,689.0,55048,580.0,55628,16.379048903362197,2.684576055426866
827,2014,2,La Rioja,15864.0,0.0,14.0,0.0,34.0,15889,23.0,15912,4.393383418787844,3.095153343388638
828,2014,2,Mendoza,148979.0,13030.0,2480.0,36.0,2282.0,165046,1761.0,166807,8.95860097015214,3.503033182060705
829,2014,2,Misiones,56933.0,17594.0,4.0,150.0,8.0,74689,0.0,74689,6.365807425994047,3.540023885712756
830,2014,2,Neuquén,47767.0,29776.0,997.0,10765.0,2983.0,90053,2235.0,92288,15.137568029498311,3.6647043380451545
831,2014,2,Río Negro,64920.0,24944.0,876.0,3657.0,1560.0,94812,1145.0,95957,13.946569423268942,3.4286257504445143
832,2014,2,Salta,73841.0,17504.0,45.0,7.0,577.0,91949,25.0,91974,7.004015501526469,3.391137751108792
833,2014,2,San Juan,48161.0,451.0,722.0,1139.0,1173.0,50891,755.0,51646,7.077771062624967,3.4724840645935795
834,2014,2,San Luis,11306.0,925.0,354.0,22.0,448.0,12691,364.0,13055,2.781512264860477,3.5041044810417468
835,2014,2,Santa Cruz,18956.0,448.0,381.0,4118.0,3266.0,26710,459.0,27169,8.744673181156902,3.3181516601634398
836,2014,2,Santa Fe,324101.0,178495.0,3085.0,6041.0,636.0,511753,605.0,512358,15.216957428230304,3.3116910410979234
837,2014,2,Santiago Del Estero,32820.0,4231.0,19.0,907.0,34.0,38002,9.0,38011,4.143683147939005,3.0697509211495944
838,2014,2,Tierra Del Fuego,21618.0,3008.0,648.0,1.0,2934.0,27443,766.0,28209,19.08631433655622,3.470095986812908
839,2014,2,Tucumán,131740.0,97.0,121.0,13.0,98.0,131981,88.0,132069,8.409488588173268,3.34994476711167
840,2014,1,Buenos Aires,1567685.0,1000879.0,120960.0,16528.0,33824.0,2725732,14144.0,2739876,16.692346018019045,3.7331327999829305
841,2014,1,Capital Federal,445569.0,820161.0,17767.0,1866.0,14555.0,1289204,10714.0,1299918,42.655071630586406,4.024081510870217
842,2014,1,Catamarca,24126.0,46.0,17.0,0.0,43.0,24209,23.0,24232,6.184614520776599,2.8027344007923407
843,2014,1,Chaco,52971.0,9497.0,30.0,0.0,58.0,62520,36.0,62556,5.553671463702625,3.2558373037444444
844,2014,1,Chubut,51066.0,539.0,866.0,10776.0,6974.0,68205,2016.0,70221,12.703590133239262,3.1759166751464583
845,2014,1,Córdoba,336841.0,225769.0,347.0,3585.0,368.0,566705,205.0,566910,16.125183143749393,3.3874045815248133
846,2014,1,Corrientes,52565.0,8279.0,31.0,1306.0,55.0,62203,33.0,62236,5.891708288681968,3.2186250823491607
847,2014,1,Entre Ríos,107883.0,21379.0,49.0,4887.0,133.0,134216,115.0,134331,10.302247104839328,3.1672900899827185
848,2014,1,Formosa,20774.0,4548.0,0.0,0.0,100.0,25335,87.0,25422,4.444467754793774,2.573729210919676
849,2014,1,Jujuy,29765.0,4030.0,23.0,0.0,9.0,33825,2.0,33827,4.724302778829112,2.690263349406857
850,2014,1,La Pampa,15826.0,31305.0,513.0,5848.0,701.0,53601,592.0,54193,15.994061954006703,2.64721042446136
851,2014,1,La Rioja,15663.0,0.0,14.0,0.0,34.0,15688,23.0,15711,4.353174900044055,2.964740372987079
852,2014,1,Mendoza,148970.0,12076.0,2480.0,37.0,2282.0,164084,1761.0,165845,8.933318322823283,3.502680556555116
853,2014,1,Misiones,56597.0,17191.0,4.0,150.0,8.0,73950,0.0,73950,6.323160981949705,3.403126267679909
854,2014,1,Neuquén,47790.0,28161.0,997.0,10381.0,3051.0,88077,2303.0,90380,14.882265766507492,3.5493016508254125
855,2014,1,Río Negro,64886.0,24156.0,876.0,3576.0,1572.0,93909,1157.0,95066,13.867842232252002,3.353796318189495
856,2014,1,Salta,73131.0,17538.0,45.0,8.0,568.0,91265,25.0,91290,6.976877486214764,3.3009019792545207
857,2014,1,San Juan,48161.0,434.0,722.0,808.0,1173.0,50543,755.0,51298,7.050796578649686,3.4691384597491712
858,2014,1,San Luis,11306.0,428.0,354.0,21.0,448.0,12193,364.0,12557,2.684668505334274,3.5028153221310823
859,2014,1,Santa Cruz,18927.0,100.0,381.0,4092.0,3264.0,26304,460.0,26764,8.677326900880571,3.315991479820628
860,2014,1,Santa Fe,322662.0,174296.0,3059.0,5951.0,644.0,506000,612.0,506612,15.077800919408592,3.1474068452786788
861,2014,1,Santiago Del Estero,32567.0,3598.0,19.0,915.0,34.0,37124,9.0,37133,4.058899015580628,2.949471721499205
862,2014,1,Tierra Del Fuego,21618.0,2837.0,648.0,1.0,2934.0,27272,766.0,28038,19.10492102645171,3.446887937323564
863,2014,1,Tucumán,129717.0,83.0,121.0,13.0,98.0,129944,88.0,130032,8.307214637543202,3.208341823551126
